status,file,original_title,original_path,temp,target
rewritten,K_008-2020-12_if_it_passes_in_it_s_current_form_Email.pdf,001_2020-12-21-204142_if_it_passes_in_it_s_current_form,/Users/robert/Library/CloudStorage/Dropbox/2026-ERTC/discovery-production/E-mails_numbered/001_2020-12-21-204142_if_it_passes_in_it_s_current_form.pdf,/Users/robert/Library/CloudStorage/Dropbox/2026-ERTC/discovery-production-one-folder/K_008-2020-12_if_it_passes_in_it_s_current_form_Email.tmp-reformatted.pdf,/Users/robert/Library/CloudStorage/Dropbox/2026-ERTC/discovery-production-one-folder/K_008-2020-12_if_it_passes_in_it_s_current_form_Email.pdf
rewritten,K_010-2020-12_Re_if_it_passes_in_it_s_current_form_Email.pdf,002_2020-12-22-100838_Re_if_it_passes_in_it_s_current_form,/Users/robert/Library/CloudStorage/Dropbox/2026-ERTC/discovery-production/E-mails_numbered/002_2020-12-22-100838_Re_if_it_passes_in_it_s_current_form.pdf,/Users/robert/Library/CloudStorage/Dropbox/2026-ERTC/discovery-production-one-folder/K_010-2020-12_Re_if_it_passes_in_it_s_current_form_Email.tmp-reformatted.pdf,/Users/robert/Library/CloudStorage/Dropbox/2026-ERTC/discovery-production-one-folder/K_010-2020-12_Re_if_it_passes_in_it_s_current_form_Email.pdf
rewritten,K_012-2020-12_RE_if_it_passes_in_it_s_current_form_Email.pdf,003_2020-12-22-161312_RE_if_it_passes_in_it_s_current_form,/Users/robert/Library/CloudStorage/Dropbox/2026-ERTC/discovery-production/E-mails_numbered/003_2020-12-22-161312_RE_if_it_passes_in_it_s_current_form.pdf,/Users/robert/Library/CloudStorage/Dropbox/2026-ERTC/discovery-production-one-folder/K_012-2020-12_RE_if_it_passes_in_it_s_current_form_Email.tmp-reformatted.pdf,/Users/robert/Library/CloudStorage/Dropbox/2026-ERTC/discovery-production-one-folder/K_012-2020-12_RE_if_it_passes_in_it_s_current_form_Email.pdf
rewritten,K_022-2022-09_Fwd_Leyton_and_Koval_Distillery_Recap_email_after_IA_call_Email.pdf,004_2022-09-22-183606_Fwd_Leyton_and_Koval_Distillery_Recap_email_after_IA_call,/Users/robert/Library/CloudStorage/Dropbox/2026-ERTC/discovery-production/E-mails_numbered/004_2022-09-22-183606_Fwd_Leyton_and_Koval_Distillery_Recap_email_after_IA_call.pdf,/Users/robert/Library/CloudStorage/Dropbox/2026-ERTC/discovery-production-one-folder/K_022-2022-09_Fwd_Leyton_and_Koval_Distillery_Recap_email_after_IA_call_Email.tmp-reformatted.pdf,/Users/robert/Library/CloudStorage/Dropbox/2026-ERTC/discovery-production-one-folder/K_022-2022-09_Fwd_Leyton_and_Koval_Distillery_Recap_email_after_IA_call_Email.pdf
rewritten,K_025-2022-09_Fwd_Leyton_and_Koval_Distillery_Recap_email_after_IA_call_Email.pdf,005_2022-09-29-142622_Fwd_Leyton_and_Koval_Distillery_Recap_email_after_IA_call,/Users/robert/Library/CloudStorage/Dropbox/2026-ERTC/discovery-production/E-mails_numbered/005_2022-09-29-142622_Fwd_Leyton_and_Koval_Distillery_Recap_email_after_IA_call.pdf,/Users/robert/Library/CloudStorage/Dropbox/2026-ERTC/discovery-production-one-folder/K_025-2022-09_Fwd_Leyton_and_Koval_Distillery_Recap_email_after_IA_call_Email.tmp-reformatted.pdf,/Users/robert/Library/CloudStorage/Dropbox/2026-ERTC/discovery-production-one-folder/K_025-2022-09_Fwd_Leyton_and_Koval_Distillery_Recap_email_after_IA_call_Email.pdf
rewritten,K_026-2022-09_Re_Fwd_Leyton_and_Koval_Distillery_Recap_email_after_IA_call_Email.pdf,006_2022-09-29-162608_Re_Fwd_Leyton_and_Koval_Distillery_Recap_email_after_IA_call,/Users/robert/Library/CloudStorage/Dropbox/2026-ERTC/discovery-production/E-mails_numbered/006_2022-09-29-162608_Re_Fwd_Leyton_and_Koval_Distillery_Recap_email_after_IA_call.pdf,/Users/robert/Library/CloudStorage/Dropbox/2026-ERTC/discovery-production-one-folder/K_026-2022-09_Re_Fwd_Leyton_and_Koval_Distillery_Recap_email_after_IA_call_Email.tmp-reformatted.pdf,/Users/robert/Library/CloudStorage/Dropbox/2026-ERTC/discovery-production-one-folder/K_026-2022-09_Re_Fwd_Leyton_and_Koval_Distillery_Recap_email_after_IA_call_Email.pdf
rewritten,K_027-2022-09_Re_Fwd_Leyton_and_Koval_Distillery_Recap_email_after_IA_call_Email.pdf,007_2022-09-30-082045_Re_Fwd_Leyton_and_Koval_Distillery_Recap_email_after_IA_call,/Users/robert/Library/CloudStorage/Dropbox/2026-ERTC/discovery-production/E-mails_numbered/007_2022-09-30-082045_Re_Fwd_Leyton_and_Koval_Distillery_Recap_email_after_IA_call.pdf,/Users/robert/Library/CloudStorage/Dropbox/2026-ERTC/discovery-production-one-folder/K_027-2022-09_Re_Fwd_Leyton_and_Koval_Distillery_Recap_email_after_IA_call_Email.tmp-reformatted.pdf,/Users/robert/Library/CloudStorage/Dropbox/2026-ERTC/discovery-production-one-folder/K_027-2022-09_Re_Fwd_Leyton_and_Koval_Distillery_Recap_email_after_IA_call_Email.pdf
rewritten,K_032-2022-09_Re_Leyton_and_Koval_Distillery_Recap_email_after_IA_call_Email.pdf,008_2022-09-30-090246_Re_Leyton_and_Koval_Distillery_Recap_email_after_IA_call,/Users/robert/Library/CloudStorage/Dropbox/2026-ERTC/discovery-production/E-mails_numbered/008_2022-09-30-090246_Re_Leyton_and_Koval_Distillery_Recap_email_after_IA_call.pdf,/Users/robert/Library/CloudStorage/Dropbox/2026-ERTC/discovery-production-one-folder/K_032-2022-09_Re_Leyton_and_Koval_Distillery_Recap_email_after_IA_call_Email.tmp-reformatted.pdf,/Users/robert/Library/CloudStorage/Dropbox/2026-ERTC/discovery-production-one-folder/K_032-2022-09_Re_Leyton_and_Koval_Distillery_Recap_email_after_IA_call_Email.pdf
rewritten,K_033-2022-10_Fwd_Leyton_and_Koval_Distillery_Recap_email_after_IA_call_Email.pdf,009_2022-10-11-103102_Fwd_Leyton_and_Koval_Distillery_Recap_email_after_IA_call,/Users/robert/Library/CloudStorage/Dropbox/2026-ERTC/discovery-production/E-mails_numbered/009_2022-10-11-103102_Fwd_Leyton_and_Koval_Distillery_Recap_email_after_IA_call.pdf,/Users/robert/Library/CloudStorage/Dropbox/2026-ERTC/discovery-production-one-folder/K_033-2022-10_Fwd_Leyton_and_Koval_Distillery_Recap_email_after_IA_call_Email.tmp-reformatted.pdf,/Users/robert/Library/CloudStorage/Dropbox/2026-ERTC/discovery-production-one-folder/K_033-2022-10_Fwd_Leyton_and_Koval_Distillery_Recap_email_after_IA_call_Email.pdf
rewritten,K_034-2022-10_Re_Leyton_and_Koval_Distillery_Recap_email_after_IA_call_Email.pdf,010_2022-10-11-104941_Re_Leyton_and_Koval_Distillery_Recap_email_after_IA_call,/Users/robert/Library/CloudStorage/Dropbox/2026-ERTC/discovery-production/E-mails_numbered/010_2022-10-11-104941_Re_Leyton_and_Koval_Distillery_Recap_email_after_IA_call.pdf,/Users/robert/Library/CloudStorage/Dropbox/2026-ERTC/discovery-production-one-folder/K_034-2022-10_Re_Leyton_and_Koval_Distillery_Recap_email_after_IA_call_Email.tmp-reformatted.pdf,/Users/robert/Library/CloudStorage/Dropbox/2026-ERTC/discovery-production-one-folder/K_034-2022-10_Re_Leyton_and_Koval_Distillery_Recap_email_after_IA_call_Email.pdf
rewritten,K_035-2022-10_Re_Fwd_Leyton_and_Koval_Distillery_Recap_email_after_IA_call_Email.pdf,011_2022-10-12-104054_Re_Fwd_Leyton_and_Koval_Distillery_Recap_email_after_IA_call,/Users/robert/Library/CloudStorage/Dropbox/2026-ERTC/discovery-production/E-mails_numbered/011_2022-10-12-104054_Re_Fwd_Leyton_and_Koval_Distillery_Recap_email_after_IA_call.pdf,/Users/robert/Library/CloudStorage/Dropbox/2026-ERTC/discovery-production-one-folder/K_035-2022-10_Re_Fwd_Leyton_and_Koval_Distillery_Recap_email_after_IA_call_Email.tmp-reformatted.pdf,/Users/robert/Library/CloudStorage/Dropbox/2026-ERTC/discovery-production-one-folder/K_035-2022-10_Re_Fwd_Leyton_and_Koval_Distillery_Recap_email_after_IA_call_Email.pdf
rewritten,K_036-2022-10_RE_Leyton_and_Koval_Distillery_Recap_email_after_IA_call_Email.pdf,(anonymous),/Users/robert/Library/CloudStorage/Dropbox/2026-ERTC/discovery-production/E-mails_numbered/012_2022-10-12-164623_RE_Leyton_and_Koval_Distillery_Recap_email_after_IA_call.pdf,/Users/robert/Library/CloudStorage/Dropbox/2026-ERTC/discovery-production-one-folder/K_036-2022-10_RE_Leyton_and_Koval_Distillery_Recap_email_after_IA_call_Email.tmp-reformatted.pdf,/Users/robert/Library/CloudStorage/Dropbox/2026-ERTC/discovery-production-one-folder/K_036-2022-10_RE_Leyton_and_Koval_Distillery_Recap_email_after_IA_call_Email.pdf
rewritten,K_042-2022-10_Re_Leyton_and_Koval_Distillery_Recap_email_after_IA_call_Email.pdf,012_2022-10-12-115554_Re_Leyton_and_Koval_Distillery_Recap_email_after_IA_call,/Users/robert/Library/CloudStorage/Dropbox/2026-ERTC/discovery-production/E-mails_numbered/013_2022-10-12-115554_Re_Leyton_and_Koval_Distillery_Recap_email_after_IA_call.pdf,/Users/robert/Library/CloudStorage/Dropbox/2026-ERTC/discovery-production-one-folder/K_042-2022-10_Re_Leyton_and_Koval_Distillery_Recap_email_after_IA_call_Email.tmp-reformatted.pdf,/Users/robert/Library/CloudStorage/Dropbox/2026-ERTC/discovery-production-one-folder/K_042-2022-10_Re_Leyton_and_Koval_Distillery_Recap_email_after_IA_call_Email.pdf
rewritten,K_043-2022-10_Re_Leyton_and_Koval_Distillery_final_information_to_wrap_up_the_study_Email.pdf,(anonymous),/Users/robert/Library/CloudStorage/Dropbox/2026-ERTC/discovery-production/E-mails_numbered/014_2022-10-24-152251_Re_Leyton_and_Koval_Distillery_final_information_to_wrap_up_the_study.pdf,/Users/robert/Library/CloudStorage/Dropbox/2026-ERTC/discovery-production-one-folder/K_043-2022-10_Re_Leyton_and_Koval_Distillery_final_information_to_wrap_up_the_study_Email.tmp-reformatted.pdf,/Users/robert/Library/CloudStorage/Dropbox/2026-ERTC/discovery-production-one-folder/K_043-2022-10_Re_Leyton_and_Koval_Distillery_final_information_to_wrap_up_the_study_Email.pdf
rewritten,K_054-2022-10_Leyton_and_Koval_Distillery_Kothe_Distilling_Technologies_Submission_and_Instruction_Email.pdf,(anonymous),/Users/robert/Library/CloudStorage/Dropbox/2026-ERTC/discovery-production/E-mails_numbered/015_2022-10-28-130015_Leyton_and_Koval_Distillery_Kothe_Distilling_Technologies_Submission_and_Instruction.pdf,/Users/robert/Library/CloudStorage/Dropbox/2026-ERTC/discovery-production-one-folder/K_054-2022-10_Leyton_and_Koval_Distillery_Kothe_Distilling_Technologies_Submission_and_Instruction_Email.tmp-reformatted.pdf,/Users/robert/Library/CloudStorage/Dropbox/2026-ERTC/discovery-production-one-folder/K_054-2022-10_Leyton_and_Koval_Distillery_Kothe_Distilling_Technologies_Submission_and_Instruction_Email.pdf
rewritten,K_060-2022-10_Leyton_and_Koval_Distillery_Kothe_Distilling_Technologies_Submission_and_Instruction_Email.pdf,(anonymous),/Users/robert/Library/CloudStorage/Dropbox/2026-ERTC/discovery-production/E-mails_numbered/016_2022-10-28-130022_Leyton_and_Koval_Distillery_Kothe_Distilling_Technologies_Submission_and_Instruction.pdf,/Users/robert/Library/CloudStorage/Dropbox/2026-ERTC/discovery-production-one-folder/K_060-2022-10_Leyton_and_Koval_Distillery_Kothe_Distilling_Technologies_Submission_and_Instruction_Email.tmp-reformatted.pdf,/Users/robert/Library/CloudStorage/Dropbox/2026-ERTC/discovery-production-one-folder/K_060-2022-10_Leyton_and_Koval_Distillery_Kothe_Distilling_Technologies_Submission_and_Instruction_Email.pdf
rewritten,K_066-2022-10_Fwd_Leyton_and_Koval_Distillery_Kothe_Distilling_Technologies_Submission_and_Instruction_Email.pdf,013_2022-10-31-085147_Fwd_Leyton_and_Koval_Distillery_Kothe_Distilling_Technologies_Submission_and_Instruction,/Users/robert/Library/CloudStorage/Dropbox/2026-ERTC/discovery-production/E-mails_numbered/017_2022-10-31-085147_Fwd_Leyton_and_Koval_Distillery_Kothe_Distilling_Technologies_Submission_and_Instruction.pdf,/Users/robert/Library/CloudStorage/Dropbox/2026-ERTC/discovery-production-one-folder/K_066-2022-10_Fwd_Leyton_and_Koval_Distillery_Kothe_Distilling_Technologies_Submission_and_Instruction_Email.tmp-reformatted.pdf,/Users/robert/Library/CloudStorage/Dropbox/2026-ERTC/discovery-production-one-folder/K_066-2022-10_Fwd_Leyton_and_Koval_Distillery_Kothe_Distilling_Technologies_Submission_and_Instruction_Email.pdf
rewritten,K_067-2022-11_Re_Leyton_and_Koval_Distillery_Kothe_Distilling_Technologies_Submission_and_Instruction_Email.pdf,014_2022-11-13-100106_Re_Leyton_and_Koval_Distillery_Kothe_Distilling_Technologies_Submission_and_Instruction,/Users/robert/Library/CloudStorage/Dropbox/2026-ERTC/discovery-production/E-mails_numbered/018_2022-11-13-100106_Re_Leyton_and_Koval_Distillery_Kothe_Distilling_Technologies_Submission_and_Instruction.pdf,/Users/robert/Library/CloudStorage/Dropbox/2026-ERTC/discovery-production-one-folder/K_067-2022-11_Re_Leyton_and_Koval_Distillery_Kothe_Distilling_Technologies_Submission_and_Instruction_Email.tmp-reformatted.pdf,/Users/robert/Library/CloudStorage/Dropbox/2026-ERTC/discovery-production-one-folder/K_067-2022-11_Re_Leyton_and_Koval_Distillery_Kothe_Distilling_Technologies_Submission_and_Instruction_Email.pdf
rewritten,K_068-2022-12_Leyton_Employee_Retention_Credit_Email.pdf,(anonymous),/Users/robert/Library/CloudStorage/Dropbox/2026-ERTC/discovery-production/E-mails_numbered/019_2022-12-07-144007_Leyton_Employee_Retention_Credit.pdf,/Users/robert/Library/CloudStorage/Dropbox/2026-ERTC/discovery-production-one-folder/K_068-2022-12_Leyton_Employee_Retention_Credit_Email.tmp-reformatted.pdf,/Users/robert/Library/CloudStorage/Dropbox/2026-ERTC/discovery-production-one-folder/K_068-2022-12_Leyton_Employee_Retention_Credit_Email.pdf
rewritten,K_069-2022-12_Re_Leyton_Employee_Retention_Credit_Email.pdf,015_2022-12-08-135124_Re_Leyton_Employee_Retention_Credit,/Users/robert/Library/CloudStorage/Dropbox/2026-ERTC/discovery-production/E-mails_numbered/020_2022-12-08-135124_Re_Leyton_Employee_Retention_Credit.pdf,/Users/robert/Library/CloudStorage/Dropbox/2026-ERTC/discovery-production-one-folder/K_069-2022-12_Re_Leyton_Employee_Retention_Credit_Email.tmp-reformatted.pdf,/Users/robert/Library/CloudStorage/Dropbox/2026-ERTC/discovery-production-one-folder/K_069-2022-12_Re_Leyton_Employee_Retention_Credit_Email.pdf
rewritten,K_070-2022-12_Re_Leyton_and_Koval_Distillery_Kothe_Distilling_Technologies_Submission_and_Instruction_Email.pdf,(anonymous),/Users/robert/Library/CloudStorage/Dropbox/2026-ERTC/discovery-production/E-mails_numbered/021_2022-12-08-135724_Re_Leyton_and_Koval_Distillery_Kothe_Distilling_Technologies_Submission_and_Instruction.pdf,/Users/robert/Library/CloudStorage/Dropbox/2026-ERTC/discovery-production-one-folder/K_070-2022-12_Re_Leyton_and_Koval_Distillery_Kothe_Distilling_Technologies_Submission_and_Instruction_Email.tmp-reformatted.pdf,/Users/robert/Library/CloudStorage/Dropbox/2026-ERTC/discovery-production-one-folder/K_070-2022-12_Re_Leyton_and_Koval_Distillery_Kothe_Distilling_Technologies_Submission_and_Instruction_Email.pdf
rewritten,K_078-2022-12_Re_Leyton_Employee_Retention_Credit_Email.pdf,(anonymous),/Users/robert/Library/CloudStorage/Dropbox/2026-ERTC/discovery-production/E-mails_numbered/022_2022-12-08-135806_Re_Leyton_Employee_Retention_Credit.pdf,/Users/robert/Library/CloudStorage/Dropbox/2026-ERTC/discovery-production-one-folder/K_078-2022-12_Re_Leyton_Employee_Retention_Credit_Email.tmp-reformatted.pdf,/Users/robert/Library/CloudStorage/Dropbox/2026-ERTC/discovery-production-one-folder/K_078-2022-12_Re_Leyton_Employee_Retention_Credit_Email.pdf
rewritten,K_079-2022-12_EOY_2022_Email.pdf,016_2022-12-16-161605_EOY_2022,/Users/robert/Library/CloudStorage/Dropbox/2026-ERTC/discovery-production/E-mails_numbered/023_2022-12-16-161605_EOY_2022.pdf,/Users/robert/Library/CloudStorage/Dropbox/2026-ERTC/discovery-production-one-folder/K_079-2022-12_EOY_2022_Email.tmp-reformatted.pdf,/Users/robert/Library/CloudStorage/Dropbox/2026-ERTC/discovery-production-one-folder/K_079-2022-12_EOY_2022_Email.pdf
rewritten,K_085-2022-12_Re_EOY_2022_Email.pdf,017_2022-12-18-051259_Re_EOY_2022,/Users/robert/Library/CloudStorage/Dropbox/2026-ERTC/discovery-production/E-mails_numbered/024_2022-12-18-051259_Re_EOY_2022.pdf,/Users/robert/Library/CloudStorage/Dropbox/2026-ERTC/discovery-production-one-folder/K_085-2022-12_Re_EOY_2022_Email.tmp-reformatted.pdf,/Users/robert/Library/CloudStorage/Dropbox/2026-ERTC/discovery-production-one-folder/K_085-2022-12_Re_EOY_2022_Email.pdf
rewritten,K_086-2022-12_RE_EOY_2022_Email.pdf,018_2022-12-19-161020_RE_EOY_2022,/Users/robert/Library/CloudStorage/Dropbox/2026-ERTC/discovery-production/E-mails_numbered/025_2022-12-19-161020_RE_EOY_2022.pdf,/Users/robert/Library/CloudStorage/Dropbox/2026-ERTC/discovery-production-one-folder/K_086-2022-12_RE_EOY_2022_Email.tmp-reformatted.pdf,/Users/robert/Library/CloudStorage/Dropbox/2026-ERTC/discovery-production-one-folder/K_086-2022-12_RE_EOY_2022_Email.pdf
rewritten,K_087-2022-12_Re_EOY_2022_Email.pdf,019_2022-12-19-102903_Re_EOY_2022,/Users/robert/Library/CloudStorage/Dropbox/2026-ERTC/discovery-production/E-mails_numbered/026_2022-12-19-102903_Re_EOY_2022.pdf,/Users/robert/Library/CloudStorage/Dropbox/2026-ERTC/discovery-production-one-folder/K_087-2022-12_Re_EOY_2022_Email.tmp-reformatted.pdf,/Users/robert/Library/CloudStorage/Dropbox/2026-ERTC/discovery-production-one-folder/K_087-2022-12_Re_EOY_2022_Email.pdf
rewritten,K_088-2022-12_RE_EOY_2022_Email.pdf,020_2022-12-19-172919_RE_EOY_2022,/Users/robert/Library/CloudStorage/Dropbox/2026-ERTC/discovery-production/E-mails_numbered/027_2022-12-19-172919_RE_EOY_2022.pdf,/Users/robert/Library/CloudStorage/Dropbox/2026-ERTC/discovery-production-one-folder/K_088-2022-12_RE_EOY_2022_Email.tmp-reformatted.pdf,/Users/robert/Library/CloudStorage/Dropbox/2026-ERTC/discovery-production-one-folder/K_088-2022-12_RE_EOY_2022_Email.pdf
rewritten,K_089-2022-12_Re_EOY_2022_Email.pdf,021_2022-12-19-113143_Re_EOY_2022,/Users/robert/Library/CloudStorage/Dropbox/2026-ERTC/discovery-production/E-mails_numbered/028_2022-12-19-113143_Re_EOY_2022.pdf,/Users/robert/Library/CloudStorage/Dropbox/2026-ERTC/discovery-production-one-folder/K_089-2022-12_Re_EOY_2022_Email.tmp-reformatted.pdf,/Users/robert/Library/CloudStorage/Dropbox/2026-ERTC/discovery-production-one-folder/K_089-2022-12_Re_EOY_2022_Email.pdf
rewritten,K_090-2022-12_RE_EOY_2022_Email.pdf,022_2022-12-19-173321_RE_EOY_2022,/Users/robert/Library/CloudStorage/Dropbox/2026-ERTC/discovery-production/E-mails_numbered/029_2022-12-19-173321_RE_EOY_2022.pdf,/Users/robert/Library/CloudStorage/Dropbox/2026-ERTC/discovery-production-one-folder/K_090-2022-12_RE_EOY_2022_Email.tmp-reformatted.pdf,/Users/robert/Library/CloudStorage/Dropbox/2026-ERTC/discovery-production-one-folder/K_090-2022-12_RE_EOY_2022_Email.pdf
rewritten,K_091-2022-12_Re_EOY_2022_Email.pdf,023_2022-12-19-113356_Re_EOY_2022,/Users/robert/Library/CloudStorage/Dropbox/2026-ERTC/discovery-production/E-mails_numbered/030_2022-12-19-113356_Re_EOY_2022.pdf,/Users/robert/Library/CloudStorage/Dropbox/2026-ERTC/discovery-production-one-folder/K_091-2022-12_Re_EOY_2022_Email.tmp-reformatted.pdf,/Users/robert/Library/CloudStorage/Dropbox/2026-ERTC/discovery-production-one-folder/K_091-2022-12_Re_EOY_2022_Email.pdf
rewritten,K_092-2022-12_RE_EOY_2022_Email.pdf,024_2022-12-19-173440_RE_EOY_2022,/Users/robert/Library/CloudStorage/Dropbox/2026-ERTC/discovery-production/E-mails_numbered/031_2022-12-19-173440_RE_EOY_2022.pdf,/Users/robert/Library/CloudStorage/Dropbox/2026-ERTC/discovery-production-one-folder/K_092-2022-12_RE_EOY_2022_Email.tmp-reformatted.pdf,/Users/robert/Library/CloudStorage/Dropbox/2026-ERTC/discovery-production-one-folder/K_092-2022-12_RE_EOY_2022_Email.pdf
rewritten,K_093-2022-12_Re_EOY_2022_Email.pdf,025_2022-12-19-184702_Re_EOY_2022,/Users/robert/Library/CloudStorage/Dropbox/2026-ERTC/discovery-production/E-mails_numbered/032_2022-12-19-184702_Re_EOY_2022.pdf,/Users/robert/Library/CloudStorage/Dropbox/2026-ERTC/discovery-production-one-folder/K_093-2022-12_Re_EOY_2022_Email.tmp-reformatted.pdf,/Users/robert/Library/CloudStorage/Dropbox/2026-ERTC/discovery-production-one-folder/K_093-2022-12_Re_EOY_2022_Email.pdf
rewritten,K_094-2022-12_RE_EOY_2022_Email.pdf,026_2022-12-19-175051_RE_EOY_2022,/Users/robert/Library/CloudStorage/Dropbox/2026-ERTC/discovery-production/E-mails_numbered/033_2022-12-19-175051_RE_EOY_2022.pdf,/Users/robert/Library/CloudStorage/Dropbox/2026-ERTC/discovery-production-one-folder/K_094-2022-12_RE_EOY_2022_Email.tmp-reformatted.pdf,/Users/robert/Library/CloudStorage/Dropbox/2026-ERTC/discovery-production-one-folder/K_094-2022-12_RE_EOY_2022_Email.pdf
rewritten,K_095-2022-12_Re_EOY_2022_Email.pdf,027_2022-12-19-185805_Re_EOY_2022,/Users/robert/Library/CloudStorage/Dropbox/2026-ERTC/discovery-production/E-mails_numbered/034_2022-12-19-185805_Re_EOY_2022.pdf,/Users/robert/Library/CloudStorage/Dropbox/2026-ERTC/discovery-production-one-folder/K_095-2022-12_Re_EOY_2022_Email.tmp-reformatted.pdf,/Users/robert/Library/CloudStorage/Dropbox/2026-ERTC/discovery-production-one-folder/K_095-2022-12_Re_EOY_2022_Email.pdf
rewritten,K_096-2022-12_RE_EOY_2022_Email.pdf,028_2022-12-19-210541_RE_EOY_2022,/Users/robert/Library/CloudStorage/Dropbox/2026-ERTC/discovery-production/E-mails_numbered/035_2022-12-19-210541_RE_EOY_2022.pdf,/Users/robert/Library/CloudStorage/Dropbox/2026-ERTC/discovery-production-one-folder/K_096-2022-12_RE_EOY_2022_Email.tmp-reformatted.pdf,/Users/robert/Library/CloudStorage/Dropbox/2026-ERTC/discovery-production-one-folder/K_096-2022-12_RE_EOY_2022_Email.pdf
rewritten,K_097-2022-12_Re_EOY_2022_Email.pdf,029_2022-12-20-124804_Re_EOY_2022,/Users/robert/Library/CloudStorage/Dropbox/2026-ERTC/discovery-production/E-mails_numbered/036_2022-12-20-124804_Re_EOY_2022.pdf,/Users/robert/Library/CloudStorage/Dropbox/2026-ERTC/discovery-production-one-folder/K_097-2022-12_Re_EOY_2022_Email.tmp-reformatted.pdf,/Users/robert/Library/CloudStorage/Dropbox/2026-ERTC/discovery-production-one-folder/K_097-2022-12_Re_EOY_2022_Email.pdf
rewritten,K_098-2023-01_Fwd_EOY_2022_Email.pdf,030_2023-01-11-122507_Fwd_EOY_2022,/Users/robert/Library/CloudStorage/Dropbox/2026-ERTC/discovery-production/E-mails_numbered/037_2023-01-11-122507_Fwd_EOY_2022.pdf,/Users/robert/Library/CloudStorage/Dropbox/2026-ERTC/discovery-production-one-folder/K_098-2023-01_Fwd_EOY_2022_Email.tmp-reformatted.pdf,/Users/robert/Library/CloudStorage/Dropbox/2026-ERTC/discovery-production-one-folder/K_098-2023-01_Fwd_EOY_2022_Email.pdf
rewritten,K_104-2023-01_Fwd_EOY_2022_Email.pdf,031_2023-01-17-125429_Fwd_EOY_2022,/Users/robert/Library/CloudStorage/Dropbox/2026-ERTC/discovery-production/E-mails_numbered/038_2023-01-17-125429_Fwd_EOY_2022.pdf,/Users/robert/Library/CloudStorage/Dropbox/2026-ERTC/discovery-production-one-folder/K_104-2023-01_Fwd_EOY_2022_Email.tmp-reformatted.pdf,/Users/robert/Library/CloudStorage/Dropbox/2026-ERTC/discovery-production-one-folder/K_104-2023-01_Fwd_EOY_2022_Email.pdf
rewritten,K_105-2023-01_Re_Fwd_EOY_2022_Email.pdf,032_2023-01-17-125552_Re_Fwd_EOY_2022,/Users/robert/Library/CloudStorage/Dropbox/2026-ERTC/discovery-production/E-mails_numbered/039_2023-01-17-125552_Re_Fwd_EOY_2022.pdf,/Users/robert/Library/CloudStorage/Dropbox/2026-ERTC/discovery-production-one-folder/K_105-2023-01_Re_Fwd_EOY_2022_Email.tmp-reformatted.pdf,/Users/robert/Library/CloudStorage/Dropbox/2026-ERTC/discovery-production-one-folder/K_105-2023-01_Re_Fwd_EOY_2022_Email.pdf
rewritten,K_106-2023-01_RE_Fwd_EOY_2022_Email.pdf,033_2023-01-17-185744_RE_Fwd_EOY_2022,/Users/robert/Library/CloudStorage/Dropbox/2026-ERTC/discovery-production/E-mails_numbered/040_2023-01-17-185744_RE_Fwd_EOY_2022.pdf,/Users/robert/Library/CloudStorage/Dropbox/2026-ERTC/discovery-production-one-folder/K_106-2023-01_RE_Fwd_EOY_2022_Email.tmp-reformatted.pdf,/Users/robert/Library/CloudStorage/Dropbox/2026-ERTC/discovery-production-one-folder/K_106-2023-01_RE_Fwd_EOY_2022_Email.pdf
rewritten,K_107-2023-01_Re_Fwd_EOY_2022_Email.pdf,034_2023-01-17-130606_Re_Fwd_EOY_2022,/Users/robert/Library/CloudStorage/Dropbox/2026-ERTC/discovery-production/E-mails_numbered/041_2023-01-17-130606_Re_Fwd_EOY_2022.pdf,/Users/robert/Library/CloudStorage/Dropbox/2026-ERTC/discovery-production-one-folder/K_107-2023-01_Re_Fwd_EOY_2022_Email.tmp-reformatted.pdf,/Users/robert/Library/CloudStorage/Dropbox/2026-ERTC/discovery-production-one-folder/K_107-2023-01_Re_Fwd_EOY_2022_Email.pdf
rewritten,K_108-2023-01_Re_Fwd_EOY_2022_Email.pdf,035_2023-01-24-140637_Re_Fwd_EOY_2022,/Users/robert/Library/CloudStorage/Dropbox/2026-ERTC/discovery-production/E-mails_numbered/042_2023-01-24-140637_Re_Fwd_EOY_2022.pdf,/Users/robert/Library/CloudStorage/Dropbox/2026-ERTC/discovery-production-one-folder/K_108-2023-01_Re_Fwd_EOY_2022_Email.tmp-reformatted.pdf,/Users/robert/Library/CloudStorage/Dropbox/2026-ERTC/discovery-production-one-folder/K_108-2023-01_Re_Fwd_EOY_2022_Email.pdf
rewritten,K_109-2023-01_RE_Fwd_EOY_2022_Email.pdf,036_2023-01-25-135446_RE_Fwd_EOY_2022,/Users/robert/Library/CloudStorage/Dropbox/2026-ERTC/discovery-production/E-mails_numbered/043_2023-01-25-135446_RE_Fwd_EOY_2022.pdf,/Users/robert/Library/CloudStorage/Dropbox/2026-ERTC/discovery-production-one-folder/K_109-2023-01_RE_Fwd_EOY_2022_Email.tmp-reformatted.pdf,/Users/robert/Library/CloudStorage/Dropbox/2026-ERTC/discovery-production-one-folder/K_109-2023-01_RE_Fwd_EOY_2022_Email.pdf
rewritten,K_110-2023-01_RE_EOY_2022_Email.pdf,037_2023-01-25-173951_RE_EOY_2022,/Users/robert/Library/CloudStorage/Dropbox/2026-ERTC/discovery-production/E-mails_numbered/044_2023-01-25-173951_RE_EOY_2022.pdf,/Users/robert/Library/CloudStorage/Dropbox/2026-ERTC/discovery-production-one-folder/K_110-2023-01_RE_EOY_2022_Email.tmp-reformatted.pdf,/Users/robert/Library/CloudStorage/Dropbox/2026-ERTC/discovery-production-one-folder/K_110-2023-01_RE_EOY_2022_Email.pdf
rewritten,K_111-2023-01_Re_EOY_2022_Email.pdf,038_2023-01-26-081406_Re_EOY_2022,/Users/robert/Library/CloudStorage/Dropbox/2026-ERTC/discovery-production/E-mails_numbered/045_2023-01-26-081406_Re_EOY_2022.pdf,/Users/robert/Library/CloudStorage/Dropbox/2026-ERTC/discovery-production-one-folder/K_111-2023-01_Re_EOY_2022_Email.tmp-reformatted.pdf,/Users/robert/Library/CloudStorage/Dropbox/2026-ERTC/discovery-production-one-folder/K_111-2023-01_Re_EOY_2022_Email.pdf
rewritten,K_112-2023-01_RE_EOY_2022_Email.pdf,039_2023-01-26-183240_RE_EOY_2022,/Users/robert/Library/CloudStorage/Dropbox/2026-ERTC/discovery-production/E-mails_numbered/046_2023-01-26-183240_RE_EOY_2022.pdf,/Users/robert/Library/CloudStorage/Dropbox/2026-ERTC/discovery-production-one-folder/K_112-2023-01_RE_EOY_2022_Email.tmp-reformatted.pdf,/Users/robert/Library/CloudStorage/Dropbox/2026-ERTC/discovery-production-one-folder/K_112-2023-01_RE_EOY_2022_Email.pdf
rewritten,K_113-2023-01_Re_Leyton_and_Koval_Distillery_Kothe_Distilling_Technologies_Submission_and_Instruction_Email.pdf,040_2023-01-26-195256_Re_Leyton_and_Koval_Distillery_Kothe_Distilling_Technologies_Submission_and_Instruction,/Users/robert/Library/CloudStorage/Dropbox/2026-ERTC/discovery-production/E-mails_numbered/047_2023-01-26-195256_Re_Leyton_and_Koval_Distillery_Kothe_Distilling_Technologies_Submission_and_Instruction.pdf,/Users/robert/Library/CloudStorage/Dropbox/2026-ERTC/discovery-production-one-folder/K_113-2023-01_Re_Leyton_and_Koval_Distillery_Kothe_Distilling_Technologies_Submission_and_Instruction_Email.tmp-reformatted.pdf,/Users/robert/Library/CloudStorage/Dropbox/2026-ERTC/discovery-production-one-folder/K_113-2023-01_Re_Leyton_and_Koval_Distillery_Kothe_Distilling_Technologies_Submission_and_Instruction_Email.pdf
rewritten,K_115-2023-01_Re_EOY_2022_Email.pdf,041_2023-01-26-195317_Re_EOY_2022,/Users/robert/Library/CloudStorage/Dropbox/2026-ERTC/discovery-production/E-mails_numbered/048_2023-01-26-195317_Re_EOY_2022.pdf,/Users/robert/Library/CloudStorage/Dropbox/2026-ERTC/discovery-production-one-folder/K_115-2023-01_Re_EOY_2022_Email.tmp-reformatted.pdf,/Users/robert/Library/CloudStorage/Dropbox/2026-ERTC/discovery-production-one-folder/K_115-2023-01_Re_EOY_2022_Email.pdf
rewritten,K_116-2023-01_RE_Leyton_and_Koval_Distillery_Kothe_Distilling_Technologies_Submission_and_Instruction_Email.pdf,042_2023-01-27-152918_RE_Leyton_and_Koval_Distillery_Kothe_Distilling_Technologies_Submission_and_Instruction,/Users/robert/Library/CloudStorage/Dropbox/2026-ERTC/discovery-production/E-mails_numbered/049_2023-01-27-152918_RE_Leyton_and_Koval_Distillery_Kothe_Distilling_Technologies_Submission_and_Instruction.pdf,/Users/robert/Library/CloudStorage/Dropbox/2026-ERTC/discovery-production-one-folder/K_116-2023-01_RE_Leyton_and_Koval_Distillery_Kothe_Distilling_Technologies_Submission_and_Instruction_Email.tmp-reformatted.pdf,/Users/robert/Library/CloudStorage/Dropbox/2026-ERTC/discovery-production-one-folder/K_116-2023-01_RE_Leyton_and_Koval_Distillery_Kothe_Distilling_Technologies_Submission_and_Instruction_Email.pdf
rewritten,K_119-2023-01_Re_Leyton_and_Koval_Distillery_Kothe_Distilling_Technologies_Submission_and_Instruction_Email.pdf,043_2023-01-27-093423_Re_Leyton_and_Koval_Distillery_Kothe_Distilling_Technologies_Submission_and_Instruction,/Users/robert/Library/CloudStorage/Dropbox/2026-ERTC/discovery-production/E-mails_numbered/050_2023-01-27-093423_Re_Leyton_and_Koval_Distillery_Kothe_Distilling_Technologies_Submission_and_Instruction.pdf,/Users/robert/Library/CloudStorage/Dropbox/2026-ERTC/discovery-production-one-folder/K_119-2023-01_Re_Leyton_and_Koval_Distillery_Kothe_Distilling_Technologies_Submission_and_Instruction_Email.tmp-reformatted.pdf,/Users/robert/Library/CloudStorage/Dropbox/2026-ERTC/discovery-production-one-folder/K_119-2023-01_Re_Leyton_and_Koval_Distillery_Kothe_Distilling_Technologies_Submission_and_Instruction_Email.pdf
rewritten,K_122-2023-01_RE_Leyton_and_Koval_Distillery_Kothe_Distilling_Technologies_Submission_and_Instruction_Email.pdf,044_2023-01-27-161932_RE_Leyton_and_Koval_Distillery_Kothe_Distilling_Technologies_Submission_and_Instruction,/Users/robert/Library/CloudStorage/Dropbox/2026-ERTC/discovery-production/E-mails_numbered/051_2023-01-27-161932_RE_Leyton_and_Koval_Distillery_Kothe_Distilling_Technologies_Submission_and_Instruction.pdf,/Users/robert/Library/CloudStorage/Dropbox/2026-ERTC/discovery-production-one-folder/K_122-2023-01_RE_Leyton_and_Koval_Distillery_Kothe_Distilling_Technologies_Submission_and_Instruction_Email.tmp-reformatted.pdf,/Users/robert/Library/CloudStorage/Dropbox/2026-ERTC/discovery-production-one-folder/K_122-2023-01_RE_Leyton_and_Koval_Distillery_Kothe_Distilling_Technologies_Submission_and_Instruction_Email.pdf
rewritten,K_125-2023-02_RE_Leyton_and_Koval_Distillery_Kothe_Distilling_Technologies_Submission_and_Instruction_Email.pdf,045_2023-02-01-183821_RE_Leyton_and_Koval_Distillery_Kothe_Distilling_Technologies_Submission_and_Instruction,/Users/robert/Library/CloudStorage/Dropbox/2026-ERTC/discovery-production/E-mails_numbered/052_2023-02-01-183821_RE_Leyton_and_Koval_Distillery_Kothe_Distilling_Technologies_Submission_and_Instruction.pdf,/Users/robert/Library/CloudStorage/Dropbox/2026-ERTC/discovery-production-one-folder/K_125-2023-02_RE_Leyton_and_Koval_Distillery_Kothe_Distilling_Technologies_Submission_and_Instruction_Email.tmp-reformatted.pdf,/Users/robert/Library/CloudStorage/Dropbox/2026-ERTC/discovery-production-one-folder/K_125-2023-02_RE_Leyton_and_Koval_Distillery_Kothe_Distilling_Technologies_Submission_and_Instruction_Email.pdf
rewritten,K_130-2023-02_RE_EOY_2022_Email.pdf,046_2023-02-08-200152_RE_EOY_2022,/Users/robert/Library/CloudStorage/Dropbox/2026-ERTC/discovery-production/E-mails_numbered/053_2023-02-08-200152_RE_EOY_2022.pdf,/Users/robert/Library/CloudStorage/Dropbox/2026-ERTC/discovery-production-one-folder/K_130-2023-02_RE_EOY_2022_Email.tmp-reformatted.pdf,/Users/robert/Library/CloudStorage/Dropbox/2026-ERTC/discovery-production-one-folder/K_130-2023-02_RE_EOY_2022_Email.pdf
rewritten,K_131-2023-02_Re_EOY_2022_Email.pdf,047_2023-02-08-140523_Re_EOY_2022,/Users/robert/Library/CloudStorage/Dropbox/2026-ERTC/discovery-production/E-mails_numbered/054_2023-02-08-140523_Re_EOY_2022.pdf,/Users/robert/Library/CloudStorage/Dropbox/2026-ERTC/discovery-production-one-folder/K_131-2023-02_Re_EOY_2022_Email.tmp-reformatted.pdf,/Users/robert/Library/CloudStorage/Dropbox/2026-ERTC/discovery-production-one-folder/K_131-2023-02_Re_EOY_2022_Email.pdf
rewritten,K_132-2023-02_RE_EOY_2022_Email.pdf,048_2023-02-08-201413_RE_EOY_2022,/Users/robert/Library/CloudStorage/Dropbox/2026-ERTC/discovery-production/E-mails_numbered/055_2023-02-08-201413_RE_EOY_2022.pdf,/Users/robert/Library/CloudStorage/Dropbox/2026-ERTC/discovery-production-one-folder/K_132-2023-02_RE_EOY_2022_Email.tmp-reformatted.pdf,/Users/robert/Library/CloudStorage/Dropbox/2026-ERTC/discovery-production-one-folder/K_132-2023-02_RE_EOY_2022_Email.pdf
rewritten,K_135-2023-02_RE_EOY_2022_Email.pdf,049_2023-02-08-201553_RE_EOY_2022,/Users/robert/Library/CloudStorage/Dropbox/2026-ERTC/discovery-production/E-mails_numbered/056_2023-02-08-201553_RE_EOY_2022.pdf,/Users/robert/Library/CloudStorage/Dropbox/2026-ERTC/discovery-production-one-folder/K_135-2023-02_RE_EOY_2022_Email.tmp-reformatted.pdf,/Users/robert/Library/CloudStorage/Dropbox/2026-ERTC/discovery-production-one-folder/K_135-2023-02_RE_EOY_2022_Email.pdf
rewritten,K_138-2023-03_corporate_extensions_Email.pdf,050_2023-03-04-112930_corporate_extensions,/Users/robert/Library/CloudStorage/Dropbox/2026-ERTC/discovery-production/E-mails_numbered/057_2023-03-04-112930_corporate_extensions.pdf,/Users/robert/Library/CloudStorage/Dropbox/2026-ERTC/discovery-production-one-folder/K_138-2023-03_corporate_extensions_Email.tmp-reformatted.pdf,/Users/robert/Library/CloudStorage/Dropbox/2026-ERTC/discovery-production-one-folder/K_138-2023-03_corporate_extensions_Email.pdf
rewritten,K_139-2023-03_RE_corporate_extensions_Email.pdf,051_2023-03-06-183936_RE_corporate_extensions,/Users/robert/Library/CloudStorage/Dropbox/2026-ERTC/discovery-production/E-mails_numbered/058_2023-03-06-183936_RE_corporate_extensions.pdf,/Users/robert/Library/CloudStorage/Dropbox/2026-ERTC/discovery-production-one-folder/K_139-2023-03_RE_corporate_extensions_Email.tmp-reformatted.pdf,/Users/robert/Library/CloudStorage/Dropbox/2026-ERTC/discovery-production-one-folder/K_139-2023-03_RE_corporate_extensions_Email.pdf
rewritten,K_140-2023-03_Re_corporate_extensions_Email.pdf,052_2023-03-06-125038_Re_corporate_extensions,/Users/robert/Library/CloudStorage/Dropbox/2026-ERTC/discovery-production/E-mails_numbered/059_2023-03-06-125038_Re_corporate_extensions.pdf,/Users/robert/Library/CloudStorage/Dropbox/2026-ERTC/discovery-production-one-folder/K_140-2023-03_Re_corporate_extensions_Email.tmp-reformatted.pdf,/Users/robert/Library/CloudStorage/Dropbox/2026-ERTC/discovery-production-one-folder/K_140-2023-03_Re_corporate_extensions_Email.pdf
rewritten,K_141-2023-03_RE_corporate_extensions_Email.pdf,053_2023-03-06-185135_RE_corporate_extensions,/Users/robert/Library/CloudStorage/Dropbox/2026-ERTC/discovery-production/E-mails_numbered/060_2023-03-06-185135_RE_corporate_extensions.pdf,/Users/robert/Library/CloudStorage/Dropbox/2026-ERTC/discovery-production-one-folder/K_141-2023-03_RE_corporate_extensions_Email.tmp-reformatted.pdf,/Users/robert/Library/CloudStorage/Dropbox/2026-ERTC/discovery-production-one-folder/K_141-2023-03_RE_corporate_extensions_Email.pdf
rewritten,K_142-2023-03_RE_corporate_extensions_Email.pdf,054_2023-03-06-185441_RE_corporate_extensions,/Users/robert/Library/CloudStorage/Dropbox/2026-ERTC/discovery-production/E-mails_numbered/061_2023-03-06-185441_RE_corporate_extensions.pdf,/Users/robert/Library/CloudStorage/Dropbox/2026-ERTC/discovery-production-one-folder/K_142-2023-03_RE_corporate_extensions_Email.tmp-reformatted.pdf,/Users/robert/Library/CloudStorage/Dropbox/2026-ERTC/discovery-production-one-folder/K_142-2023-03_RE_corporate_extensions_Email.pdf
rewritten,K_143-2023-03_Re_corporate_extensions_Email.pdf,055_2023-03-08-141458_Re_corporate_extensions,/Users/robert/Library/CloudStorage/Dropbox/2026-ERTC/discovery-production/E-mails_numbered/062_2023-03-08-141458_Re_corporate_extensions.pdf,/Users/robert/Library/CloudStorage/Dropbox/2026-ERTC/discovery-production-one-folder/K_143-2023-03_Re_corporate_extensions_Email.tmp-reformatted.pdf,/Users/robert/Library/CloudStorage/Dropbox/2026-ERTC/discovery-production-one-folder/K_143-2023-03_Re_corporate_extensions_Email.pdf
rewritten,K_144-2023-03_Re_corporate_extensions_Email.pdf,056_2023-03-09-163439_Re_corporate_extensions,/Users/robert/Library/CloudStorage/Dropbox/2026-ERTC/discovery-production/E-mails_numbered/063_2023-03-09-163439_Re_corporate_extensions.pdf,/Users/robert/Library/CloudStorage/Dropbox/2026-ERTC/discovery-production-one-folder/K_144-2023-03_Re_corporate_extensions_Email.tmp-reformatted.pdf,/Users/robert/Library/CloudStorage/Dropbox/2026-ERTC/discovery-production-one-folder/K_144-2023-03_Re_corporate_extensions_Email.pdf
rewritten,K_145-2023-03_Re_corporate_extensions_Email.pdf,057_2023-03-09-163544_Re_corporate_extensions,/Users/robert/Library/CloudStorage/Dropbox/2026-ERTC/discovery-production/E-mails_numbered/064_2023-03-09-163544_Re_corporate_extensions.pdf,/Users/robert/Library/CloudStorage/Dropbox/2026-ERTC/discovery-production-one-folder/K_145-2023-03_Re_corporate_extensions_Email.tmp-reformatted.pdf,/Users/robert/Library/CloudStorage/Dropbox/2026-ERTC/discovery-production-one-folder/K_145-2023-03_Re_corporate_extensions_Email.pdf
rewritten,K_146-2023-05_Re_Letter_Email.pdf,058_2023-05-22-144924_Re_Letter,/Users/robert/Library/CloudStorage/Dropbox/2026-ERTC/discovery-production/E-mails_numbered/065_2023-05-22-144924_Re_Letter.pdf,/Users/robert/Library/CloudStorage/Dropbox/2026-ERTC/discovery-production-one-folder/K_146-2023-05_Re_Letter_Email.tmp-reformatted.pdf,/Users/robert/Library/CloudStorage/Dropbox/2026-ERTC/discovery-production-one-folder/K_146-2023-05_Re_Letter_Email.pdf
rewritten,K_147-2023-05_RE_Letter_Email.pdf,059_2023-05-22-145205_RE_Letter,/Users/robert/Library/CloudStorage/Dropbox/2026-ERTC/discovery-production/E-mails_numbered/066_2023-05-22-145205_RE_Letter.pdf,/Users/robert/Library/CloudStorage/Dropbox/2026-ERTC/discovery-production-one-folder/K_147-2023-05_RE_Letter_Email.tmp-reformatted.pdf,/Users/robert/Library/CloudStorage/Dropbox/2026-ERTC/discovery-production-one-folder/K_147-2023-05_RE_Letter_Email.pdf
rewritten,K_148-2023-05_Re_Letter_Email.pdf,060_2023-05-23-091349_Re_Letter,/Users/robert/Library/CloudStorage/Dropbox/2026-ERTC/discovery-production/E-mails_numbered/067_2023-05-23-091349_Re_Letter.pdf,/Users/robert/Library/CloudStorage/Dropbox/2026-ERTC/discovery-production-one-folder/K_148-2023-05_Re_Letter_Email.tmp-reformatted.pdf,/Users/robert/Library/CloudStorage/Dropbox/2026-ERTC/discovery-production-one-folder/K_148-2023-05_Re_Letter_Email.pdf
rewritten,K_149-2023-05_RE_Letter_Email.pdf,061_2023-05-23-141721_RE_Letter,/Users/robert/Library/CloudStorage/Dropbox/2026-ERTC/discovery-production/E-mails_numbered/068_2023-05-23-141721_RE_Letter.pdf,/Users/robert/Library/CloudStorage/Dropbox/2026-ERTC/discovery-production-one-folder/K_149-2023-05_RE_Letter_Email.tmp-reformatted.pdf,/Users/robert/Library/CloudStorage/Dropbox/2026-ERTC/discovery-production-one-folder/K_149-2023-05_RE_Letter_Email.pdf
rewritten,K_150-2023-05_Re_Letter_Email.pdf,062_2023-05-23-093021_Re_Letter,/Users/robert/Library/CloudStorage/Dropbox/2026-ERTC/discovery-production/E-mails_numbered/069_2023-05-23-093021_Re_Letter.pdf,/Users/robert/Library/CloudStorage/Dropbox/2026-ERTC/discovery-production-one-folder/K_150-2023-05_Re_Letter_Email.tmp-reformatted.pdf,/Users/robert/Library/CloudStorage/Dropbox/2026-ERTC/discovery-production-one-folder/K_150-2023-05_Re_Letter_Email.pdf
rewritten,K_151-2023-08_taxes_Email.pdf,063_2023-08-29-153308_taxes,/Users/robert/Library/CloudStorage/Dropbox/2026-ERTC/discovery-production/E-mails_numbered/070_2023-08-29-153308_taxes.pdf,/Users/robert/Library/CloudStorage/Dropbox/2026-ERTC/discovery-production-one-folder/K_151-2023-08_taxes_Email.tmp-reformatted.pdf,/Users/robert/Library/CloudStorage/Dropbox/2026-ERTC/discovery-production-one-folder/K_151-2023-08_taxes_Email.pdf
rewritten,K_152-2023-09_Leyton_Koval_Distillery_ERTC_Question_Email.pdf,064_2023-09-22-152120_Leyton_Koval_Distillery_ERTC_Question,/Users/robert/Library/CloudStorage/Dropbox/2026-ERTC/discovery-production/E-mails_numbered/071_2023-09-22-152120_Leyton_Koval_Distillery_ERTC_Question.pdf,/Users/robert/Library/CloudStorage/Dropbox/2026-ERTC/discovery-production-one-folder/K_152-2023-09_Leyton_Koval_Distillery_ERTC_Question_Email.tmp-reformatted.pdf,/Users/robert/Library/CloudStorage/Dropbox/2026-ERTC/discovery-production-one-folder/K_152-2023-09_Leyton_Koval_Distillery_ERTC_Question_Email.pdf
rewritten,K_153-2023-09_Fwd_Leyton_Koval_Distillery_ERTC_Question_Email.pdf,065_2023-09-22-104355_Fwd_Leyton_Koval_Distillery_ERTC_Question,/Users/robert/Library/CloudStorage/Dropbox/2026-ERTC/discovery-production/E-mails_numbered/072_2023-09-22-104355_Fwd_Leyton_Koval_Distillery_ERTC_Question.pdf,/Users/robert/Library/CloudStorage/Dropbox/2026-ERTC/discovery-production-one-folder/K_153-2023-09_Fwd_Leyton_Koval_Distillery_ERTC_Question_Email.tmp-reformatted.pdf,/Users/robert/Library/CloudStorage/Dropbox/2026-ERTC/discovery-production-one-folder/K_153-2023-09_Fwd_Leyton_Koval_Distillery_ERTC_Question_Email.pdf
rewritten,K_156-2023-09_RE_Leyton_Koval_Distillery_ERTC_Question_Email.pdf,066_2023-09-22-154807_RE_Leyton_Koval_Distillery_ERTC_Question,/Users/robert/Library/CloudStorage/Dropbox/2026-ERTC/discovery-production/E-mails_numbered/073_2023-09-22-154807_RE_Leyton_Koval_Distillery_ERTC_Question.pdf,/Users/robert/Library/CloudStorage/Dropbox/2026-ERTC/discovery-production-one-folder/K_156-2023-09_RE_Leyton_Koval_Distillery_ERTC_Question_Email.tmp-reformatted.pdf,/Users/robert/Library/CloudStorage/Dropbox/2026-ERTC/discovery-production-one-folder/K_156-2023-09_RE_Leyton_Koval_Distillery_ERTC_Question_Email.pdf
rewritten,K_158-2023-09_Re_Leyton_Koval_Distillery_ERTC_Question_Email.pdf,067_2023-09-22-105845_Re_Leyton_Koval_Distillery_ERTC_Question,/Users/robert/Library/CloudStorage/Dropbox/2026-ERTC/discovery-production/E-mails_numbered/074_2023-09-22-105845_Re_Leyton_Koval_Distillery_ERTC_Question.pdf,/Users/robert/Library/CloudStorage/Dropbox/2026-ERTC/discovery-production-one-folder/K_158-2023-09_Re_Leyton_Koval_Distillery_ERTC_Question_Email.tmp-reformatted.pdf,/Users/robert/Library/CloudStorage/Dropbox/2026-ERTC/discovery-production-one-folder/K_158-2023-09_Re_Leyton_Koval_Distillery_ERTC_Question_Email.pdf
rewritten,K_163-2023-10_Re_Leyton_Koval_Distillery_ERTC_Question_Email.pdf,068_2023-10-07-011347_Re_Leyton_Koval_Distillery_ERTC_Question,/Users/robert/Library/CloudStorage/Dropbox/2026-ERTC/discovery-production/E-mails_numbered/075_2023-10-07-011347_Re_Leyton_Koval_Distillery_ERTC_Question.pdf,/Users/robert/Library/CloudStorage/Dropbox/2026-ERTC/discovery-production-one-folder/K_163-2023-10_Re_Leyton_Koval_Distillery_ERTC_Question_Email.tmp-reformatted.pdf,/Users/robert/Library/CloudStorage/Dropbox/2026-ERTC/discovery-production-one-folder/K_163-2023-10_Re_Leyton_Koval_Distillery_ERTC_Question_Email.pdf
rewritten,K_171-2023-10_RE_Leyton_Koval_Distillery_ERTC_Question_Email.pdf,069_2023-10-08-200013_RE_Leyton_Koval_Distillery_ERTC_Question,/Users/robert/Library/CloudStorage/Dropbox/2026-ERTC/discovery-production/E-mails_numbered/076_2023-10-08-200013_RE_Leyton_Koval_Distillery_ERTC_Question.pdf,/Users/robert/Library/CloudStorage/Dropbox/2026-ERTC/discovery-production-one-folder/K_171-2023-10_RE_Leyton_Koval_Distillery_ERTC_Question_Email.tmp-reformatted.pdf,/Users/robert/Library/CloudStorage/Dropbox/2026-ERTC/discovery-production-one-folder/K_171-2023-10_RE_Leyton_Koval_Distillery_ERTC_Question_Email.pdf
rewritten,K_172-2023-10_Re_Leyton_Koval_Distillery_ERTC_Question_Email.pdf,070_2023-10-21-111806_Re_Leyton_Koval_Distillery_ERTC_Question,/Users/robert/Library/CloudStorage/Dropbox/2026-ERTC/discovery-production/E-mails_numbered/077_2023-10-21-111806_Re_Leyton_Koval_Distillery_ERTC_Question.pdf,/Users/robert/Library/CloudStorage/Dropbox/2026-ERTC/discovery-production-one-folder/K_172-2023-10_Re_Leyton_Koval_Distillery_ERTC_Question_Email.tmp-reformatted.pdf,/Users/robert/Library/CloudStorage/Dropbox/2026-ERTC/discovery-production-one-folder/K_172-2023-10_Re_Leyton_Koval_Distillery_ERTC_Question_Email.pdf
rewritten,K_173-2023-10_RE_Leyton_Koval_Distillery_ERTC_Question_Email.pdf,071_2023-10-25-193517_RE_Leyton_Koval_Distillery_ERTC_Question,/Users/robert/Library/CloudStorage/Dropbox/2026-ERTC/discovery-production/E-mails_numbered/078_2023-10-25-193517_RE_Leyton_Koval_Distillery_ERTC_Question.pdf,/Users/robert/Library/CloudStorage/Dropbox/2026-ERTC/discovery-production-one-folder/K_173-2023-10_RE_Leyton_Koval_Distillery_ERTC_Question_Email.tmp-reformatted.pdf,/Users/robert/Library/CloudStorage/Dropbox/2026-ERTC/discovery-production-one-folder/K_173-2023-10_RE_Leyton_Koval_Distillery_ERTC_Question_Email.pdf
rewritten,K_174-2023-10_Re_Leyton_Koval_Distillery_ERTC_Question_Email.pdf,072_2023-10-25-144218_Re_Leyton_Koval_Distillery_ERTC_Question,/Users/robert/Library/CloudStorage/Dropbox/2026-ERTC/discovery-production/E-mails_numbered/079_2023-10-25-144218_Re_Leyton_Koval_Distillery_ERTC_Question.pdf,/Users/robert/Library/CloudStorage/Dropbox/2026-ERTC/discovery-production-one-folder/K_174-2023-10_Re_Leyton_Koval_Distillery_ERTC_Question_Email.tmp-reformatted.pdf,/Users/robert/Library/CloudStorage/Dropbox/2026-ERTC/discovery-production-one-folder/K_174-2023-10_Re_Leyton_Koval_Distillery_ERTC_Question_Email.pdf
rewritten,K_175-2023-11_Re_Leyton_Koval_Distillery_ERTC_Question_Email.pdf,073_2023-11-08-075314_Re_Leyton_Koval_Distillery_ERTC_Question,/Users/robert/Library/CloudStorage/Dropbox/2026-ERTC/discovery-production/E-mails_numbered/080_2023-11-08-075314_Re_Leyton_Koval_Distillery_ERTC_Question.pdf,/Users/robert/Library/CloudStorage/Dropbox/2026-ERTC/discovery-production-one-folder/K_175-2023-11_Re_Leyton_Koval_Distillery_ERTC_Question_Email.tmp-reformatted.pdf,/Users/robert/Library/CloudStorage/Dropbox/2026-ERTC/discovery-production-one-folder/K_175-2023-11_Re_Leyton_Koval_Distillery_ERTC_Question_Email.pdf
rewritten,K_176-2023-11_RE_Leyton_Koval_Distillery_ERTC_Question_Email.pdf,074_2023-11-14-173640_RE_Leyton_Koval_Distillery_ERTC_Question,/Users/robert/Library/CloudStorage/Dropbox/2026-ERTC/discovery-production/E-mails_numbered/081_2023-11-14-173640_RE_Leyton_Koval_Distillery_ERTC_Question.pdf,/Users/robert/Library/CloudStorage/Dropbox/2026-ERTC/discovery-production-one-folder/K_176-2023-11_RE_Leyton_Koval_Distillery_ERTC_Question_Email.tmp-reformatted.pdf,/Users/robert/Library/CloudStorage/Dropbox/2026-ERTC/discovery-production-one-folder/K_176-2023-11_RE_Leyton_Koval_Distillery_ERTC_Question_Email.pdf
rewritten,K_177-2023-11_Re_Leyton_Koval_Distillery_ERTC_Question_Email.pdf,075_2023-11-14-115402_Re_Leyton_Koval_Distillery_ERTC_Question,/Users/robert/Library/CloudStorage/Dropbox/2026-ERTC/discovery-production/E-mails_numbered/082_2023-11-14-115402_Re_Leyton_Koval_Distillery_ERTC_Question.pdf,/Users/robert/Library/CloudStorage/Dropbox/2026-ERTC/discovery-production-one-folder/K_177-2023-11_Re_Leyton_Koval_Distillery_ERTC_Question_Email.tmp-reformatted.pdf,/Users/robert/Library/CloudStorage/Dropbox/2026-ERTC/discovery-production-one-folder/K_177-2023-11_Re_Leyton_Koval_Distillery_ERTC_Question_Email.pdf
rewritten,K_178-2023-11_Re_Leyton_Koval_Distillery_ERTC_Question_Email.pdf,076_2023-11-14-160522_Re_Leyton_Koval_Distillery_ERTC_Question,/Users/robert/Library/CloudStorage/Dropbox/2026-ERTC/discovery-production/E-mails_numbered/083_2023-11-14-160522_Re_Leyton_Koval_Distillery_ERTC_Question.pdf,/Users/robert/Library/CloudStorage/Dropbox/2026-ERTC/discovery-production-one-folder/K_178-2023-11_Re_Leyton_Koval_Distillery_ERTC_Question_Email.tmp-reformatted.pdf,/Users/robert/Library/CloudStorage/Dropbox/2026-ERTC/discovery-production-one-folder/K_178-2023-11_Re_Leyton_Koval_Distillery_ERTC_Question_Email.pdf
rewritten,K_185-2023-12_Re_Leyton_Koval_Distillery_ERTC_Question_Email.pdf,077_2023-12-05-141214_Re_Leyton_Koval_Distillery_ERTC_Question,/Users/robert/Library/CloudStorage/Dropbox/2026-ERTC/discovery-production/E-mails_numbered/084_2023-12-05-141214_Re_Leyton_Koval_Distillery_ERTC_Question.pdf,/Users/robert/Library/CloudStorage/Dropbox/2026-ERTC/discovery-production-one-folder/K_185-2023-12_Re_Leyton_Koval_Distillery_ERTC_Question_Email.tmp-reformatted.pdf,/Users/robert/Library/CloudStorage/Dropbox/2026-ERTC/discovery-production-one-folder/K_185-2023-12_Re_Leyton_Koval_Distillery_ERTC_Question_Email.pdf
rewritten,K_186-2023-12_RE_Leyton_Koval_Distillery_ERTC_Question_Email.pdf,078_2023-12-05-201855_RE_Leyton_Koval_Distillery_ERTC_Question,/Users/robert/Library/CloudStorage/Dropbox/2026-ERTC/discovery-production/E-mails_numbered/085_2023-12-05-201855_RE_Leyton_Koval_Distillery_ERTC_Question.pdf,/Users/robert/Library/CloudStorage/Dropbox/2026-ERTC/discovery-production-one-folder/K_186-2023-12_RE_Leyton_Koval_Distillery_ERTC_Question_Email.tmp-reformatted.pdf,/Users/robert/Library/CloudStorage/Dropbox/2026-ERTC/discovery-production-one-folder/K_186-2023-12_RE_Leyton_Koval_Distillery_ERTC_Question_Email.pdf
rewritten,K_187-2023-12_Re_Leyton_Koval_Distillery_ERTC_Question_Email.pdf,079_2023-12-05-144602_Re_Leyton_Koval_Distillery_ERTC_Question,/Users/robert/Library/CloudStorage/Dropbox/2026-ERTC/discovery-production/E-mails_numbered/086_2023-12-05-144602_Re_Leyton_Koval_Distillery_ERTC_Question.pdf,/Users/robert/Library/CloudStorage/Dropbox/2026-ERTC/discovery-production-one-folder/K_187-2023-12_Re_Leyton_Koval_Distillery_ERTC_Question_Email.tmp-reformatted.pdf,/Users/robert/Library/CloudStorage/Dropbox/2026-ERTC/discovery-production-one-folder/K_187-2023-12_Re_Leyton_Koval_Distillery_ERTC_Question_Email.pdf
rewritten,K_188-2024-01_Re_Leyton_Koval_Distillery_ERTC_Question_Email.pdf,080_2024-01-29-152045_Re_Leyton_Koval_Distillery_ERTC_Question,/Users/robert/Library/CloudStorage/Dropbox/2026-ERTC/discovery-production/E-mails_numbered/087_2024-01-29-152045_Re_Leyton_Koval_Distillery_ERTC_Question.pdf,/Users/robert/Library/CloudStorage/Dropbox/2026-ERTC/discovery-production-one-folder/K_188-2024-01_Re_Leyton_Koval_Distillery_ERTC_Question_Email.tmp-reformatted.pdf,/Users/robert/Library/CloudStorage/Dropbox/2026-ERTC/discovery-production-one-folder/K_188-2024-01_Re_Leyton_Koval_Distillery_ERTC_Question_Email.pdf
rewritten,K_189-2024-01_RE_Leyton_Koval_Distillery_ERTC_Question_Email.pdf,081_2024-01-29-230041_RE_Leyton_Koval_Distillery_ERTC_Question,/Users/robert/Library/CloudStorage/Dropbox/2026-ERTC/discovery-production/E-mails_numbered/088_2024-01-29-230041_RE_Leyton_Koval_Distillery_ERTC_Question.pdf,/Users/robert/Library/CloudStorage/Dropbox/2026-ERTC/discovery-production-one-folder/K_189-2024-01_RE_Leyton_Koval_Distillery_ERTC_Question_Email.tmp-reformatted.pdf,/Users/robert/Library/CloudStorage/Dropbox/2026-ERTC/discovery-production-one-folder/K_189-2024-01_RE_Leyton_Koval_Distillery_ERTC_Question_Email.pdf
rewritten,K_190-2024-01_Re_Leyton_Koval_Distillery_ERTC_Question_Email.pdf,082_2024-01-29-184358_Re_Leyton_Koval_Distillery_ERTC_Question,/Users/robert/Library/CloudStorage/Dropbox/2026-ERTC/discovery-production/E-mails_numbered/089_2024-01-29-184358_Re_Leyton_Koval_Distillery_ERTC_Question.pdf,/Users/robert/Library/CloudStorage/Dropbox/2026-ERTC/discovery-production-one-folder/K_190-2024-01_Re_Leyton_Koval_Distillery_ERTC_Question_Email.tmp-reformatted.pdf,/Users/robert/Library/CloudStorage/Dropbox/2026-ERTC/discovery-production-one-folder/K_190-2024-01_Re_Leyton_Koval_Distillery_ERTC_Question_Email.pdf
rewritten,K_191-2024-01_Re_Leyton_Koval_Distillery_ERTC_Question_Email.pdf,083_2024-01-31-111327_Re_Leyton_Koval_Distillery_ERTC_Question,/Users/robert/Library/CloudStorage/Dropbox/2026-ERTC/discovery-production/E-mails_numbered/090_2024-01-31-111327_Re_Leyton_Koval_Distillery_ERTC_Question.pdf,/Users/robert/Library/CloudStorage/Dropbox/2026-ERTC/discovery-production-one-folder/K_191-2024-01_Re_Leyton_Koval_Distillery_ERTC_Question_Email.tmp-reformatted.pdf,/Users/robert/Library/CloudStorage/Dropbox/2026-ERTC/discovery-production-one-folder/K_191-2024-01_Re_Leyton_Koval_Distillery_ERTC_Question_Email.pdf
rewritten,K_192-2024-01_RE_Leyton_Koval_Distillery_ERTC_Question_Email.pdf,084_2024-01-31-171455_RE_Leyton_Koval_Distillery_ERTC_Question,/Users/robert/Library/CloudStorage/Dropbox/2026-ERTC/discovery-production/E-mails_numbered/091_2024-01-31-171455_RE_Leyton_Koval_Distillery_ERTC_Question.pdf,/Users/robert/Library/CloudStorage/Dropbox/2026-ERTC/discovery-production-one-folder/K_192-2024-01_RE_Leyton_Koval_Distillery_ERTC_Question_Email.tmp-reformatted.pdf,/Users/robert/Library/CloudStorage/Dropbox/2026-ERTC/discovery-production-one-folder/K_192-2024-01_RE_Leyton_Koval_Distillery_ERTC_Question_Email.pdf
rewritten,K_193-2024-01_Re_Leyton_Koval_Distillery_ERTC_Question_Email.pdf,085_2024-01-31-112029_Re_Leyton_Koval_Distillery_ERTC_Question,/Users/robert/Library/CloudStorage/Dropbox/2026-ERTC/discovery-production/E-mails_numbered/092_2024-01-31-112029_Re_Leyton_Koval_Distillery_ERTC_Question.pdf,/Users/robert/Library/CloudStorage/Dropbox/2026-ERTC/discovery-production-one-folder/K_193-2024-01_Re_Leyton_Koval_Distillery_ERTC_Question_Email.tmp-reformatted.pdf,/Users/robert/Library/CloudStorage/Dropbox/2026-ERTC/discovery-production-one-folder/K_193-2024-01_Re_Leyton_Koval_Distillery_ERTC_Question_Email.pdf
rewritten,K_194-2024-02_941_x_Email.pdf,086_2024-02-01-174236_941_x,/Users/robert/Library/CloudStorage/Dropbox/2026-ERTC/discovery-production/E-mails_numbered/093_2024-02-01-174236_941_x.pdf,/Users/robert/Library/CloudStorage/Dropbox/2026-ERTC/discovery-production-one-folder/K_194-2024-02_941_x_Email.tmp-reformatted.pdf,/Users/robert/Library/CloudStorage/Dropbox/2026-ERTC/discovery-production-one-folder/K_194-2024-02_941_x_Email.pdf
rewritten,K_195-2024-02_Re_941_x_Email.pdf,087_2024-02-01-114734_Re_941_x,/Users/robert/Library/CloudStorage/Dropbox/2026-ERTC/discovery-production/E-mails_numbered/094_2024-02-01-114734_Re_941_x.pdf,/Users/robert/Library/CloudStorage/Dropbox/2026-ERTC/discovery-production-one-folder/K_195-2024-02_Re_941_x_Email.tmp-reformatted.pdf,/Users/robert/Library/CloudStorage/Dropbox/2026-ERTC/discovery-production-one-folder/K_195-2024-02_Re_941_x_Email.pdf
rewritten,K_196-2024-02_RE_941_x_Email.pdf,088_2024-02-01-175455_RE_941_x,/Users/robert/Library/CloudStorage/Dropbox/2026-ERTC/discovery-production/E-mails_numbered/095_2024-02-01-175455_RE_941_x.pdf,/Users/robert/Library/CloudStorage/Dropbox/2026-ERTC/discovery-production-one-folder/K_196-2024-02_RE_941_x_Email.tmp-reformatted.pdf,/Users/robert/Library/CloudStorage/Dropbox/2026-ERTC/discovery-production-one-folder/K_196-2024-02_RE_941_x_Email.pdf
rewritten,K_197-2024-02_Re_941_x_Email.pdf,089_2024-02-01-120048_Re_941_x,/Users/robert/Library/CloudStorage/Dropbox/2026-ERTC/discovery-production/E-mails_numbered/096_2024-02-01-120048_Re_941_x.pdf,/Users/robert/Library/CloudStorage/Dropbox/2026-ERTC/discovery-production-one-folder/K_197-2024-02_Re_941_x_Email.tmp-reformatted.pdf,/Users/robert/Library/CloudStorage/Dropbox/2026-ERTC/discovery-production-one-folder/K_197-2024-02_Re_941_x_Email.pdf
rewritten,K_198-2024-02_RE_941_x_Email.pdf,090_2024-02-01-204019_RE_941_x,/Users/robert/Library/CloudStorage/Dropbox/2026-ERTC/discovery-production/E-mails_numbered/097_2024-02-01-204019_RE_941_x.pdf,/Users/robert/Library/CloudStorage/Dropbox/2026-ERTC/discovery-production-one-folder/K_198-2024-02_RE_941_x_Email.tmp-reformatted.pdf,/Users/robert/Library/CloudStorage/Dropbox/2026-ERTC/discovery-production-one-folder/K_198-2024-02_RE_941_x_Email.pdf
rewritten,K_199-2024-02_Re_941_x_Email.pdf,091_2024-02-01-150233_Re_941_x,/Users/robert/Library/CloudStorage/Dropbox/2026-ERTC/discovery-production/E-mails_numbered/098_2024-02-01-150233_Re_941_x.pdf,/Users/robert/Library/CloudStorage/Dropbox/2026-ERTC/discovery-production-one-folder/K_199-2024-02_Re_941_x_Email.tmp-reformatted.pdf,/Users/robert/Library/CloudStorage/Dropbox/2026-ERTC/discovery-production-one-folder/K_199-2024-02_Re_941_x_Email.pdf
rewritten,K_200-2024-02_RE_941_x_Email.pdf,092_2024-02-01-210325_RE_941_x,/Users/robert/Library/CloudStorage/Dropbox/2026-ERTC/discovery-production/E-mails_numbered/099_2024-02-01-210325_RE_941_x.pdf,/Users/robert/Library/CloudStorage/Dropbox/2026-ERTC/discovery-production-one-folder/K_200-2024-02_RE_941_x_Email.tmp-reformatted.pdf,/Users/robert/Library/CloudStorage/Dropbox/2026-ERTC/discovery-production-one-folder/K_200-2024-02_RE_941_x_Email.pdf
rewritten,K_201-2024-04_Re_taxes_Email.pdf,093_2024-04-12-102435_Re_taxes,/Users/robert/Library/CloudStorage/Dropbox/2026-ERTC/discovery-production/E-mails_numbered/100_2024-04-12-102435_Re_taxes.pdf,/Users/robert/Library/CloudStorage/Dropbox/2026-ERTC/discovery-production-one-folder/K_201-2024-04_Re_taxes_Email.tmp-reformatted.pdf,/Users/robert/Library/CloudStorage/Dropbox/2026-ERTC/discovery-production-one-folder/K_201-2024-04_Re_taxes_Email.pdf
rewritten,K_202-2024-04_RE_taxes_Email.pdf,094_2024-04-12-152728_RE_taxes,/Users/robert/Library/CloudStorage/Dropbox/2026-ERTC/discovery-production/E-mails_numbered/101_2024-04-12-152728_RE_taxes.pdf,/Users/robert/Library/CloudStorage/Dropbox/2026-ERTC/discovery-production-one-folder/K_202-2024-04_RE_taxes_Email.tmp-reformatted.pdf,/Users/robert/Library/CloudStorage/Dropbox/2026-ERTC/discovery-production-one-folder/K_202-2024-04_RE_taxes_Email.pdf
rewritten,K_203-2024-04_Re_taxes_Email.pdf,095_2024-04-12-104752_Re_taxes,/Users/robert/Library/CloudStorage/Dropbox/2026-ERTC/discovery-production/E-mails_numbered/102_2024-04-12-104752_Re_taxes.pdf,/Users/robert/Library/CloudStorage/Dropbox/2026-ERTC/discovery-production-one-folder/K_203-2024-04_Re_taxes_Email.tmp-reformatted.pdf,/Users/robert/Library/CloudStorage/Dropbox/2026-ERTC/discovery-production-one-folder/K_203-2024-04_Re_taxes_Email.pdf
rewritten,K_204-2024-05_Re_taxes_Email.pdf,096_2024-05-07-122406_Re_taxes,/Users/robert/Library/CloudStorage/Dropbox/2026-ERTC/discovery-production/E-mails_numbered/103_2024-05-07-122406_Re_taxes.pdf,/Users/robert/Library/CloudStorage/Dropbox/2026-ERTC/discovery-production-one-folder/K_204-2024-05_Re_taxes_Email.tmp-reformatted.pdf,/Users/robert/Library/CloudStorage/Dropbox/2026-ERTC/discovery-production-one-folder/K_204-2024-05_Re_taxes_Email.pdf
rewritten,K_205-2024-05_RE_taxes_Email.pdf,097_2024-05-10-132401_RE_taxes,/Users/robert/Library/CloudStorage/Dropbox/2026-ERTC/discovery-production/E-mails_numbered/104_2024-05-10-132401_RE_taxes.pdf,/Users/robert/Library/CloudStorage/Dropbox/2026-ERTC/discovery-production-one-folder/K_205-2024-05_RE_taxes_Email.tmp-reformatted.pdf,/Users/robert/Library/CloudStorage/Dropbox/2026-ERTC/discovery-production-one-folder/K_205-2024-05_RE_taxes_Email.pdf
rewritten,K_206-2024-05_Re_taxes_Email.pdf,098_2024-05-10-082747_Re_taxes,/Users/robert/Library/CloudStorage/Dropbox/2026-ERTC/discovery-production/E-mails_numbered/105_2024-05-10-082747_Re_taxes.pdf,/Users/robert/Library/CloudStorage/Dropbox/2026-ERTC/discovery-production-one-folder/K_206-2024-05_Re_taxes_Email.tmp-reformatted.pdf,/Users/robert/Library/CloudStorage/Dropbox/2026-ERTC/discovery-production-one-folder/K_206-2024-05_Re_taxes_Email.pdf
rewritten,K_207-2024-05_RE_taxes_Email.pdf,099_2024-05-10-133003_RE_taxes,/Users/robert/Library/CloudStorage/Dropbox/2026-ERTC/discovery-production/E-mails_numbered/106_2024-05-10-133003_RE_taxes.pdf,/Users/robert/Library/CloudStorage/Dropbox/2026-ERTC/discovery-production-one-folder/K_207-2024-05_RE_taxes_Email.tmp-reformatted.pdf,/Users/robert/Library/CloudStorage/Dropbox/2026-ERTC/discovery-production-one-folder/K_207-2024-05_RE_taxes_Email.pdf
rewritten,K_208-2024-06_Re_taxes_Email.pdf,100_2024-06-15-124813_Re_taxes,/Users/robert/Library/CloudStorage/Dropbox/2026-ERTC/discovery-production/E-mails_numbered/107_2024-06-15-124813_Re_taxes.pdf,/Users/robert/Library/CloudStorage/Dropbox/2026-ERTC/discovery-production-one-folder/K_208-2024-06_Re_taxes_Email.tmp-reformatted.pdf,/Users/robert/Library/CloudStorage/Dropbox/2026-ERTC/discovery-production-one-folder/K_208-2024-06_Re_taxes_Email.pdf
rewritten,K_209-2024-06_RE_taxes_Email.pdf,101_2024-06-15-175210_RE_taxes,/Users/robert/Library/CloudStorage/Dropbox/2026-ERTC/discovery-production/E-mails_numbered/108_2024-06-15-175210_RE_taxes.pdf,/Users/robert/Library/CloudStorage/Dropbox/2026-ERTC/discovery-production-one-folder/K_209-2024-06_RE_taxes_Email.tmp-reformatted.pdf,/Users/robert/Library/CloudStorage/Dropbox/2026-ERTC/discovery-production-one-folder/K_209-2024-06_RE_taxes_Email.pdf
rewritten,K_210-2024-06_Re_taxes_Email.pdf,102_2024-06-15-131424_Re_taxes,/Users/robert/Library/CloudStorage/Dropbox/2026-ERTC/discovery-production/E-mails_numbered/109_2024-06-15-131424_Re_taxes.pdf,/Users/robert/Library/CloudStorage/Dropbox/2026-ERTC/discovery-production-one-folder/K_210-2024-06_Re_taxes_Email.tmp-reformatted.pdf,/Users/robert/Library/CloudStorage/Dropbox/2026-ERTC/discovery-production-one-folder/K_210-2024-06_Re_taxes_Email.pdf
rewritten,K_211-2024-08_Fwd_Hi_Robert_IRS_ERC_Claim_Update_Stay_Informed_with_Leyton_Email.pdf,103_2024-08-10-114046_Fwd_Hi_Robert_IRS_ERC_Claim_Update_Stay_Informed_with_Leyton,/Users/robert/Library/CloudStorage/Dropbox/2026-ERTC/discovery-production/E-mails_numbered/110_2024-08-10-114046_Fwd_Hi_Robert_IRS_ERC_Claim_Update_Stay_Informed_with_Leyton.pdf,/Users/robert/Library/CloudStorage/Dropbox/2026-ERTC/discovery-production-one-folder/K_211-2024-08_Fwd_Hi_Robert_IRS_ERC_Claim_Update_Stay_Informed_with_Leyton_Email.tmp-reformatted.pdf,/Users/robert/Library/CloudStorage/Dropbox/2026-ERTC/discovery-production-one-folder/K_211-2024-08_Fwd_Hi_Robert_IRS_ERC_Claim_Update_Stay_Informed_with_Leyton_Email.pdf
rewritten,K_212-2024-08_RE_Hi_Robert_IRS_ERC_Claim_Update_Stay_Informed_with_Leyton_Email.pdf,104_2024-08-10-092053_RE_Hi_Robert_IRS_ERC_Claim_Update_Stay_Informed_with_Leyton,/Users/robert/Library/CloudStorage/Dropbox/2026-ERTC/discovery-production/E-mails_numbered/111_2024-08-10-092053_RE_Hi_Robert_IRS_ERC_Claim_Update_Stay_Informed_with_Leyton.pdf,/Users/robert/Library/CloudStorage/Dropbox/2026-ERTC/discovery-production-one-folder/K_212-2024-08_RE_Hi_Robert_IRS_ERC_Claim_Update_Stay_Informed_with_Leyton_Email.tmp-reformatted.pdf,/Users/robert/Library/CloudStorage/Dropbox/2026-ERTC/discovery-production-one-folder/K_212-2024-08_RE_Hi_Robert_IRS_ERC_Claim_Update_Stay_Informed_with_Leyton_Email.pdf
rewritten,K_213-2024-08_Re_Hi_Robert_IRS_ERC_Claim_Update_Stay_Informed_with_Leyton_Email.pdf,105_2024-08-11-054835_Re_Hi_Robert_IRS_ERC_Claim_Update_Stay_Informed_with_Leyton,/Users/robert/Library/CloudStorage/Dropbox/2026-ERTC/discovery-production/E-mails_numbered/112_2024-08-11-054835_Re_Hi_Robert_IRS_ERC_Claim_Update_Stay_Informed_with_Leyton.pdf,/Users/robert/Library/CloudStorage/Dropbox/2026-ERTC/discovery-production-one-folder/K_213-2024-08_Re_Hi_Robert_IRS_ERC_Claim_Update_Stay_Informed_with_Leyton_Email.tmp-reformatted.pdf,/Users/robert/Library/CloudStorage/Dropbox/2026-ERTC/discovery-production-one-folder/K_213-2024-08_Re_Hi_Robert_IRS_ERC_Claim_Update_Stay_Informed_with_Leyton_Email.pdf
rewritten,K_214-2024-10_Re_Several_questions_regarding_states_corporate_taxes_Email.pdf,106_2024-10-09-215700_Re_Several_questions_regarding_states_corporate_taxes,/Users/robert/Library/CloudStorage/Dropbox/2026-ERTC/discovery-production/E-mails_numbered/113_2024-10-09-215700_Re_Several_questions_regarding_states_corporate_taxes.pdf,/Users/robert/Library/CloudStorage/Dropbox/2026-ERTC/discovery-production-one-folder/K_214-2024-10_Re_Several_questions_regarding_states_corporate_taxes_Email.tmp-reformatted.pdf,/Users/robert/Library/CloudStorage/Dropbox/2026-ERTC/discovery-production-one-folder/K_214-2024-10_Re_Several_questions_regarding_states_corporate_taxes_Email.pdf
rewritten,K_215-2024-10_RE_Several_questions_regarding_states_corporate_taxes_Email.pdf,107_2024-10-10-103532_RE_Several_questions_regarding_states_corporate_taxes,/Users/robert/Library/CloudStorage/Dropbox/2026-ERTC/discovery-production/E-mails_numbered/114_2024-10-10-103532_RE_Several_questions_regarding_states_corporate_taxes.pdf,/Users/robert/Library/CloudStorage/Dropbox/2026-ERTC/discovery-production-one-folder/K_215-2024-10_RE_Several_questions_regarding_states_corporate_taxes_Email.tmp-reformatted.pdf,/Users/robert/Library/CloudStorage/Dropbox/2026-ERTC/discovery-production-one-folder/K_215-2024-10_RE_Several_questions_regarding_states_corporate_taxes_Email.pdf
rewritten,K_216-2025-01_tax_letter_Email.pdf,108_2025-01-06-040635_tax_letter,/Users/robert/Library/CloudStorage/Dropbox/2026-ERTC/discovery-production/E-mails_numbered/115_2025-01-06-040635_tax_letter.pdf,/Users/robert/Library/CloudStorage/Dropbox/2026-ERTC/discovery-production-one-folder/K_216-2025-01_tax_letter_Email.tmp-reformatted.pdf,/Users/robert/Library/CloudStorage/Dropbox/2026-ERTC/discovery-production-one-folder/K_216-2025-01_tax_letter_Email.pdf
rewritten,K_218-2025-01_Fwd_tax_letter_Email.pdf,109_2025-01-09-222803_Fwd_tax_letter,/Users/robert/Library/CloudStorage/Dropbox/2026-ERTC/discovery-production/E-mails_numbered/116_2025-01-09-222803_Fwd_tax_letter.pdf,/Users/robert/Library/CloudStorage/Dropbox/2026-ERTC/discovery-production-one-folder/K_218-2025-01_Fwd_tax_letter_Email.tmp-reformatted.pdf,/Users/robert/Library/CloudStorage/Dropbox/2026-ERTC/discovery-production-one-folder/K_218-2025-01_Fwd_tax_letter_Email.pdf
rewritten,K_219-2025-01_Re_tax_letter_Email.pdf,110_2025-01-14-084649_Re_tax_letter,/Users/robert/Library/CloudStorage/Dropbox/2026-ERTC/discovery-production/E-mails_numbered/117_2025-01-14-084649_Re_tax_letter.pdf,/Users/robert/Library/CloudStorage/Dropbox/2026-ERTC/discovery-production-one-folder/K_219-2025-01_Re_tax_letter_Email.tmp-reformatted.pdf,/Users/robert/Library/CloudStorage/Dropbox/2026-ERTC/discovery-production-one-folder/K_219-2025-01_Re_tax_letter_Email.pdf
rewritten,K_220-2025-02_Re_tax_letter_Email.pdf,111_2025-02-14-070200_Re_tax_letter,/Users/robert/Library/CloudStorage/Dropbox/2026-ERTC/discovery-production/E-mails_numbered/118_2025-02-14-070200_Re_tax_letter.pdf,/Users/robert/Library/CloudStorage/Dropbox/2026-ERTC/discovery-production-one-folder/K_220-2025-02_Re_tax_letter_Email.tmp-reformatted.pdf,/Users/robert/Library/CloudStorage/Dropbox/2026-ERTC/discovery-production-one-folder/K_220-2025-02_Re_tax_letter_Email.pdf
rewritten,K_221-2025-02_Re_tax_letter_Email.pdf,112_2025-02-14-071730_Re_tax_letter,/Users/robert/Library/CloudStorage/Dropbox/2026-ERTC/discovery-production/E-mails_numbered/119_2025-02-14-071730_Re_tax_letter.pdf,/Users/robert/Library/CloudStorage/Dropbox/2026-ERTC/discovery-production-one-folder/K_221-2025-02_Re_tax_letter_Email.tmp-reformatted.pdf,/Users/robert/Library/CloudStorage/Dropbox/2026-ERTC/discovery-production-one-folder/K_221-2025-02_Re_tax_letter_Email.pdf
rewritten,K_222-2025-03_ERTC_Email.pdf,113_2025-03-28-043223_ERTC,/Users/robert/Library/CloudStorage/Dropbox/2026-ERTC/discovery-production/E-mails_numbered/120_2025-03-28-043223_ERTC.pdf,/Users/robert/Library/CloudStorage/Dropbox/2026-ERTC/discovery-production-one-folder/K_222-2025-03_ERTC_Email.tmp-reformatted.pdf,/Users/robert/Library/CloudStorage/Dropbox/2026-ERTC/discovery-production-one-folder/K_222-2025-03_ERTC_Email.pdf
rewritten,K_223-2025-03_RE_ERTC_Email.pdf,untitled,/Users/robert/Library/CloudStorage/Dropbox/2026-ERTC/discovery-production/E-mails_numbered/121_2025-03-30-170751_RE_ERTC.pdf,/Users/robert/Library/CloudStorage/Dropbox/2026-ERTC/discovery-production-one-folder/K_223-2025-03_RE_ERTC_Email.tmp-reformatted.pdf,/Users/robert/Library/CloudStorage/Dropbox/2026-ERTC/discovery-production-one-folder/K_223-2025-03_RE_ERTC_Email.pdf
rewritten,K_224-2025-03_Re_ERTC_Email.pdf,114_2025-03-30-171528_Re_ERTC,/Users/robert/Library/CloudStorage/Dropbox/2026-ERTC/discovery-production/E-mails_numbered/122_2025-03-30-171528_Re_ERTC.pdf,/Users/robert/Library/CloudStorage/Dropbox/2026-ERTC/discovery-production-one-folder/K_224-2025-03_Re_ERTC_Email.tmp-reformatted.pdf,/Users/robert/Library/CloudStorage/Dropbox/2026-ERTC/discovery-production-one-folder/K_224-2025-03_Re_ERTC_Email.pdf
rewritten,K_225-2025-03_Re_ERTC_Email.pdf,115_2025-03-30-174641_Re_ERTC,/Users/robert/Library/CloudStorage/Dropbox/2026-ERTC/discovery-production/E-mails_numbered/123_2025-03-30-174641_Re_ERTC.pdf,/Users/robert/Library/CloudStorage/Dropbox/2026-ERTC/discovery-production-one-folder/K_225-2025-03_Re_ERTC_Email.tmp-reformatted.pdf,/Users/robert/Library/CloudStorage/Dropbox/2026-ERTC/discovery-production-one-folder/K_225-2025-03_Re_ERTC_Email.pdf
rewritten,K_226-2025-05_ERTC_and_Illinois_Email.pdf,116_2025-05-02-120230_ERTC_and_Illinois,/Users/robert/Library/CloudStorage/Dropbox/2026-ERTC/discovery-production/E-mails_numbered/124_2025-05-02-120230_ERTC_and_Illinois.pdf,/Users/robert/Library/CloudStorage/Dropbox/2026-ERTC/discovery-production-one-folder/K_226-2025-05_ERTC_and_Illinois_Email.tmp-reformatted.pdf,/Users/robert/Library/CloudStorage/Dropbox/2026-ERTC/discovery-production-one-folder/K_226-2025-05_ERTC_and_Illinois_Email.pdf
rewritten,K_227-2025-05_RE_ERTC_and_Illinois_Email.pdf,untitled,/Users/robert/Library/CloudStorage/Dropbox/2026-ERTC/discovery-production/E-mails_numbered/125_2025-05-04-160351_RE_ERTC_and_Illinois.pdf,/Users/robert/Library/CloudStorage/Dropbox/2026-ERTC/discovery-production-one-folder/K_227-2025-05_RE_ERTC_and_Illinois_Email.tmp-reformatted.pdf,/Users/robert/Library/CloudStorage/Dropbox/2026-ERTC/discovery-production-one-folder/K_227-2025-05_RE_ERTC_and_Illinois_Email.pdf
rewritten,K_228-2025-05_Re_ERTC_and_Illinois_Email.pdf,117_2025-05-05-120101_Re_ERTC_and_Illinois,/Users/robert/Library/CloudStorage/Dropbox/2026-ERTC/discovery-production/E-mails_numbered/126_2025-05-05-120101_Re_ERTC_and_Illinois.pdf,/Users/robert/Library/CloudStorage/Dropbox/2026-ERTC/discovery-production-one-folder/K_228-2025-05_Re_ERTC_and_Illinois_Email.tmp-reformatted.pdf,/Users/robert/Library/CloudStorage/Dropbox/2026-ERTC/discovery-production-one-folder/K_228-2025-05_Re_ERTC_and_Illinois_Email.pdf
rewritten,K_229-2025-05_Re_ERTC_and_Illinois_Email.pdf,118_2025-05-09-155314_Re_ERTC_and_Illinois,/Users/robert/Library/CloudStorage/Dropbox/2026-ERTC/discovery-production/E-mails_numbered/127_2025-05-09-155314_Re_ERTC_and_Illinois.pdf,/Users/robert/Library/CloudStorage/Dropbox/2026-ERTC/discovery-production-one-folder/K_229-2025-05_Re_ERTC_and_Illinois_Email.tmp-reformatted.pdf,/Users/robert/Library/CloudStorage/Dropbox/2026-ERTC/discovery-production-one-folder/K_229-2025-05_Re_ERTC_and_Illinois_Email.pdf
rewritten,K_230-2025-05_RE_ERTC_and_Illinois_Email.pdf,untitled,/Users/robert/Library/CloudStorage/Dropbox/2026-ERTC/discovery-production/E-mails_numbered/128_2025-05-14-104450_RE_ERTC_and_Illinois.pdf,/Users/robert/Library/CloudStorage/Dropbox/2026-ERTC/discovery-production-one-folder/K_230-2025-05_RE_ERTC_and_Illinois_Email.tmp-reformatted.pdf,/Users/robert/Library/CloudStorage/Dropbox/2026-ERTC/discovery-production-one-folder/K_230-2025-05_RE_ERTC_and_Illinois_Email.pdf
rewritten,K_231-2025-05_Re_ERTC_and_Illinois_Email.pdf,119_2025-05-14-104617_Re_ERTC_and_Illinois,/Users/robert/Library/CloudStorage/Dropbox/2026-ERTC/discovery-production/E-mails_numbered/129_2025-05-14-104617_Re_ERTC_and_Illinois.pdf,/Users/robert/Library/CloudStorage/Dropbox/2026-ERTC/discovery-production-one-folder/K_231-2025-05_Re_ERTC_and_Illinois_Email.tmp-reformatted.pdf,/Users/robert/Library/CloudStorage/Dropbox/2026-ERTC/discovery-production-one-folder/K_231-2025-05_Re_ERTC_and_Illinois_Email.pdf
rewritten,K_232-2025-06_Re_Tax_letter_Email.pdf,120_2025-06-18-092006_Re_Tax_letter,/Users/robert/Library/CloudStorage/Dropbox/2026-ERTC/discovery-production/E-mails_numbered/130_2025-06-18-092006_Re_Tax_letter.pdf,/Users/robert/Library/CloudStorage/Dropbox/2026-ERTC/discovery-production-one-folder/K_232-2025-06_Re_Tax_letter_Email.tmp-reformatted.pdf,/Users/robert/Library/CloudStorage/Dropbox/2026-ERTC/discovery-production-one-folder/K_232-2025-06_Re_Tax_letter_Email.pdf
rewritten,K_234-2025-07_ERTC_Leyton_Email.pdf,121_2025-07-02-122615_ERTC_Leyton,/Users/robert/Library/CloudStorage/Dropbox/2026-ERTC/discovery-production/E-mails_numbered/131_2025-07-02-122615_ERTC_Leyton.pdf,/Users/robert/Library/CloudStorage/Dropbox/2026-ERTC/discovery-production-one-folder/K_234-2025-07_ERTC_Leyton_Email.tmp-reformatted.pdf,/Users/robert/Library/CloudStorage/Dropbox/2026-ERTC/discovery-production-one-folder/K_234-2025-07_ERTC_Leyton_Email.pdf
rewritten,K_235-2025-07_Re_Leyton_Koval_Distillery_ERTC_Question_Email.pdf,122_2025-07-02-122631_Re_Leyton_Koval_Distillery_ERTC_Question,/Users/robert/Library/CloudStorage/Dropbox/2026-ERTC/discovery-production/E-mails_numbered/132_2025-07-02-122631_Re_Leyton_Koval_Distillery_ERTC_Question.pdf,/Users/robert/Library/CloudStorage/Dropbox/2026-ERTC/discovery-production-one-folder/K_235-2025-07_Re_Leyton_Koval_Distillery_ERTC_Question_Email.tmp-reformatted.pdf,/Users/robert/Library/CloudStorage/Dropbox/2026-ERTC/discovery-production-one-folder/K_235-2025-07_Re_Leyton_Koval_Distillery_ERTC_Question_Email.pdf
rewritten,K_242-2025-07_Re_Leyton_Koval_Distillery_ERTC_Question_Email.pdf,123_2025-07-02-165440_Re_Leyton_Koval_Distillery_ERTC_Question,/Users/robert/Library/CloudStorage/Dropbox/2026-ERTC/discovery-production/E-mails_numbered/133_2025-07-02-165440_Re_Leyton_Koval_Distillery_ERTC_Question.pdf,/Users/robert/Library/CloudStorage/Dropbox/2026-ERTC/discovery-production-one-folder/K_242-2025-07_Re_Leyton_Koval_Distillery_ERTC_Question_Email.tmp-reformatted.pdf,/Users/robert/Library/CloudStorage/Dropbox/2026-ERTC/discovery-production-one-folder/K_242-2025-07_Re_Leyton_Koval_Distillery_ERTC_Question_Email.pdf
rewritten,K_249-2025-07_Limited_Email_Access_RE_Leyton_Koval_Distillery_ERTC_Question_Email.pdf,124_2025-07-07-053031_Limited_Email_Access_RE_Leyton_Koval_Distillery_ERTC_Question,/Users/robert/Library/CloudStorage/Dropbox/2026-ERTC/discovery-production/E-mails_numbered/134_2025-07-07-053031_Limited_Email_Access_RE_Leyton_Koval_Distillery_ERTC_Question.pdf,/Users/robert/Library/CloudStorage/Dropbox/2026-ERTC/discovery-production-one-folder/K_249-2025-07_Limited_Email_Access_RE_Leyton_Koval_Distillery_ERTC_Question_Email.tmp-reformatted.pdf,/Users/robert/Library/CloudStorage/Dropbox/2026-ERTC/discovery-production-one-folder/K_249-2025-07_Limited_Email_Access_RE_Leyton_Koval_Distillery_ERTC_Question_Email.pdf
rewritten,K_250-2025-07_RE_Leyton_Koval_Distillery_ERTC_Question_Email.pdf,125_2025-07-07-103812_RE_Leyton_Koval_Distillery_ERTC_Question,/Users/robert/Library/CloudStorage/Dropbox/2026-ERTC/discovery-production/E-mails_numbered/135_2025-07-07-103812_RE_Leyton_Koval_Distillery_ERTC_Question.pdf,/Users/robert/Library/CloudStorage/Dropbox/2026-ERTC/discovery-production-one-folder/K_250-2025-07_RE_Leyton_Koval_Distillery_ERTC_Question_Email.tmp-reformatted.pdf,/Users/robert/Library/CloudStorage/Dropbox/2026-ERTC/discovery-production-one-folder/K_250-2025-07_RE_Leyton_Koval_Distillery_ERTC_Question_Email.pdf
rewritten,K_254-2025-07_Re_Leyton_Koval_Distillery_ERTC_Question_Email.pdf,126_2025-07-07-095129_Re_Leyton_Koval_Distillery_ERTC_Question,/Users/robert/Library/CloudStorage/Dropbox/2026-ERTC/discovery-production/E-mails_numbered/136_2025-07-07-095129_Re_Leyton_Koval_Distillery_ERTC_Question.pdf,/Users/robert/Library/CloudStorage/Dropbox/2026-ERTC/discovery-production-one-folder/K_254-2025-07_Re_Leyton_Koval_Distillery_ERTC_Question_Email.tmp-reformatted.pdf,/Users/robert/Library/CloudStorage/Dropbox/2026-ERTC/discovery-production-one-folder/K_254-2025-07_Re_Leyton_Koval_Distillery_ERTC_Question_Email.pdf
rewritten,K_280-2025-07_RE_Leyton_Koval_Distillery_ERTC_Question_Email.pdf,127_2025-07-07-203529_RE_Leyton_Koval_Distillery_ERTC_Question,/Users/robert/Library/CloudStorage/Dropbox/2026-ERTC/discovery-production/E-mails_numbered/137_2025-07-07-203529_RE_Leyton_Koval_Distillery_ERTC_Question.pdf,/Users/robert/Library/CloudStorage/Dropbox/2026-ERTC/discovery-production-one-folder/K_280-2025-07_RE_Leyton_Koval_Distillery_ERTC_Question_Email.tmp-reformatted.pdf,/Users/robert/Library/CloudStorage/Dropbox/2026-ERTC/discovery-production-one-folder/K_280-2025-07_RE_Leyton_Koval_Distillery_ERTC_Question_Email.pdf
rewritten,K_286-2025-07_RE_Leyton_Koval_Distillery_ERTC_Question_Email.pdf,128_2025-07-07-205626_RE_Leyton_Koval_Distillery_ERTC_Question,/Users/robert/Library/CloudStorage/Dropbox/2026-ERTC/discovery-production/E-mails_numbered/138_2025-07-07-205626_RE_Leyton_Koval_Distillery_ERTC_Question.pdf,/Users/robert/Library/CloudStorage/Dropbox/2026-ERTC/discovery-production-one-folder/K_286-2025-07_RE_Leyton_Koval_Distillery_ERTC_Question_Email.tmp-reformatted.pdf,/Users/robert/Library/CloudStorage/Dropbox/2026-ERTC/discovery-production-one-folder/K_286-2025-07_RE_Leyton_Koval_Distillery_ERTC_Question_Email.pdf
rewritten,K_292-2025-07_RE_Leyton_Koval_Distillery_ERTC_Question_Email.pdf,129_2025-07-07-160455_RE_Leyton_Koval_Distillery_ERTC_Question,/Users/robert/Library/CloudStorage/Dropbox/2026-ERTC/discovery-production/E-mails_numbered/139_2025-07-07-160455_RE_Leyton_Koval_Distillery_ERTC_Question.pdf,/Users/robert/Library/CloudStorage/Dropbox/2026-ERTC/discovery-production-one-folder/K_292-2025-07_RE_Leyton_Koval_Distillery_ERTC_Question_Email.tmp-reformatted.pdf,/Users/robert/Library/CloudStorage/Dropbox/2026-ERTC/discovery-production-one-folder/K_292-2025-07_RE_Leyton_Koval_Distillery_ERTC_Question_Email.pdf
rewritten,K_313-2025-07_Re_Leyton_Koval_Distillery_ERTC_Question_Email.pdf,130_2025-07-08-133528_Re_Leyton_Koval_Distillery_ERTC_Question,/Users/robert/Library/CloudStorage/Dropbox/2026-ERTC/discovery-production/E-mails_numbered/140_2025-07-08-133528_Re_Leyton_Koval_Distillery_ERTC_Question.pdf,/Users/robert/Library/CloudStorage/Dropbox/2026-ERTC/discovery-production-one-folder/K_313-2025-07_Re_Leyton_Koval_Distillery_ERTC_Question_Email.tmp-reformatted.pdf,/Users/robert/Library/CloudStorage/Dropbox/2026-ERTC/discovery-production-one-folder/K_313-2025-07_Re_Leyton_Koval_Distillery_ERTC_Question_Email.pdf
rewritten,K_338-2025-07_Re_Leyton_Koval_Distillery_ERTC_Question_Email.pdf,131_2025-07-09-104531_Re_Leyton_Koval_Distillery_ERTC_Question,/Users/robert/Library/CloudStorage/Dropbox/2026-ERTC/discovery-production/E-mails_numbered/141_2025-07-09-104531_Re_Leyton_Koval_Distillery_ERTC_Question.pdf,/Users/robert/Library/CloudStorage/Dropbox/2026-ERTC/discovery-production-one-folder/K_338-2025-07_Re_Leyton_Koval_Distillery_ERTC_Question_Email.tmp-reformatted.pdf,/Users/robert/Library/CloudStorage/Dropbox/2026-ERTC/discovery-production-one-folder/K_338-2025-07_Re_Leyton_Koval_Distillery_ERTC_Question_Email.pdf
rewritten,K_363-2025-07_Re_Leyton_Koval_Distillery_ERTC_Question_Email.pdf,132_2025-07-10-145731_Re_Leyton_Koval_Distillery_ERTC_Question,/Users/robert/Library/CloudStorage/Dropbox/2026-ERTC/discovery-production/E-mails_numbered/142_2025-07-10-145731_Re_Leyton_Koval_Distillery_ERTC_Question.pdf,/Users/robert/Library/CloudStorage/Dropbox/2026-ERTC/discovery-production-one-folder/K_363-2025-07_Re_Leyton_Koval_Distillery_ERTC_Question_Email.tmp-reformatted.pdf,/Users/robert/Library/CloudStorage/Dropbox/2026-ERTC/discovery-production-one-folder/K_363-2025-07_Re_Leyton_Koval_Distillery_ERTC_Question_Email.pdf
rewritten,K_389-2025-07_RE_Leyton_Koval_Distillery_ERTC_Question_Email.pdf,133_2025-07-10-200134_RE_Leyton_Koval_Distillery_ERTC_Question,/Users/robert/Library/CloudStorage/Dropbox/2026-ERTC/discovery-production/E-mails_numbered/143_2025-07-10-200134_RE_Leyton_Koval_Distillery_ERTC_Question.pdf,/Users/robert/Library/CloudStorage/Dropbox/2026-ERTC/discovery-production-one-folder/K_389-2025-07_RE_Leyton_Koval_Distillery_ERTC_Question_Email.tmp-reformatted.pdf,/Users/robert/Library/CloudStorage/Dropbox/2026-ERTC/discovery-production-one-folder/K_389-2025-07_RE_Leyton_Koval_Distillery_ERTC_Question_Email.pdf
rewritten,K_398-2025-07_Re_Leyton_Koval_Distillery_ERTC_Question_Email.pdf,134_2025-07-10-130505_Re_Leyton_Koval_Distillery_ERTC_Question,/Users/robert/Library/CloudStorage/Dropbox/2026-ERTC/discovery-production/E-mails_numbered/144_2025-07-10-130505_Re_Leyton_Koval_Distillery_ERTC_Question.pdf,/Users/robert/Library/CloudStorage/Dropbox/2026-ERTC/discovery-production-one-folder/K_398-2025-07_Re_Leyton_Koval_Distillery_ERTC_Question_Email.tmp-reformatted.pdf,/Users/robert/Library/CloudStorage/Dropbox/2026-ERTC/discovery-production-one-folder/K_398-2025-07_Re_Leyton_Koval_Distillery_ERTC_Question_Email.pdf
rewritten,K_407-2025-07_RE_Leyton_Koval_Distillery_ERTC_Question_Email.pdf,135_2025-07-10-210034_RE_Leyton_Koval_Distillery_ERTC_Question,/Users/robert/Library/CloudStorage/Dropbox/2026-ERTC/discovery-production/E-mails_numbered/145_2025-07-10-210034_RE_Leyton_Koval_Distillery_ERTC_Question.pdf,/Users/robert/Library/CloudStorage/Dropbox/2026-ERTC/discovery-production-one-folder/K_407-2025-07_RE_Leyton_Koval_Distillery_ERTC_Question_Email.tmp-reformatted.pdf,/Users/robert/Library/CloudStorage/Dropbox/2026-ERTC/discovery-production-one-folder/K_407-2025-07_RE_Leyton_Koval_Distillery_ERTC_Question_Email.pdf
rewritten,K_411-2025-07_Re_Leyton_Koval_Distillery_ERTC_Question_Email.pdf,136_2025-07-10-160815_Re_Leyton_Koval_Distillery_ERTC_Question,/Users/robert/Library/CloudStorage/Dropbox/2026-ERTC/discovery-production/E-mails_numbered/146_2025-07-10-160815_Re_Leyton_Koval_Distillery_ERTC_Question.pdf,/Users/robert/Library/CloudStorage/Dropbox/2026-ERTC/discovery-production-one-folder/K_411-2025-07_Re_Leyton_Koval_Distillery_ERTC_Question_Email.tmp-reformatted.pdf,/Users/robert/Library/CloudStorage/Dropbox/2026-ERTC/discovery-production-one-folder/K_411-2025-07_Re_Leyton_Koval_Distillery_ERTC_Question_Email.pdf
rewritten,K_432-2025-07_RE_Leyton_Koval_Distillery_ERTC_Question_Email.pdf,137_2025-07-11-151339_RE_Leyton_Koval_Distillery_ERTC_Question,/Users/robert/Library/CloudStorage/Dropbox/2026-ERTC/discovery-production/E-mails_numbered/147_2025-07-11-151339_RE_Leyton_Koval_Distillery_ERTC_Question.pdf,/Users/robert/Library/CloudStorage/Dropbox/2026-ERTC/discovery-production-one-folder/K_432-2025-07_RE_Leyton_Koval_Distillery_ERTC_Question_Email.tmp-reformatted.pdf,/Users/robert/Library/CloudStorage/Dropbox/2026-ERTC/discovery-production-one-folder/K_432-2025-07_RE_Leyton_Koval_Distillery_ERTC_Question_Email.pdf
rewritten,K_443-2025-07_IRS_Call_for_Koval_Distillery_Email.pdf,138_2025-07-16-184428_IRS_Call_for_Koval_Distillery,/Users/robert/Library/CloudStorage/Dropbox/2026-ERTC/discovery-production/E-mails_numbered/148_2025-07-16-184428_IRS_Call_for_Koval_Distillery.pdf,/Users/robert/Library/CloudStorage/Dropbox/2026-ERTC/discovery-production-one-folder/K_443-2025-07_IRS_Call_for_Koval_Distillery_Email.tmp-reformatted.pdf,/Users/robert/Library/CloudStorage/Dropbox/2026-ERTC/discovery-production-one-folder/K_443-2025-07_IRS_Call_for_Koval_Distillery_Email.pdf
rewritten,K_445-2025-07_ERTC_claims_KOVAL_Email.pdf,139_2025-07-26-073620_ERTC_claims_KOVAL,/Users/robert/Library/CloudStorage/Dropbox/2026-ERTC/discovery-production/E-mails_numbered/149_2025-07-26-073620_ERTC_claims_KOVAL.pdf,/Users/robert/Library/CloudStorage/Dropbox/2026-ERTC/discovery-production-one-folder/K_445-2025-07_ERTC_claims_KOVAL_Email.tmp-reformatted.pdf,/Users/robert/Library/CloudStorage/Dropbox/2026-ERTC/discovery-production-one-folder/K_445-2025-07_ERTC_claims_KOVAL_Email.pdf
rewritten,K_447-2025-07_Re_ERTC_claims_KOVAL_Email.pdf,140_2025-07-26-190416_Re_ERTC_claims_KOVAL,/Users/robert/Library/CloudStorage/Dropbox/2026-ERTC/discovery-production/E-mails_numbered/150_2025-07-26-190416_Re_ERTC_claims_KOVAL.pdf,/Users/robert/Library/CloudStorage/Dropbox/2026-ERTC/discovery-production-one-folder/K_447-2025-07_Re_ERTC_claims_KOVAL_Email.tmp-reformatted.pdf,/Users/robert/Library/CloudStorage/Dropbox/2026-ERTC/discovery-production-one-folder/K_447-2025-07_Re_ERTC_claims_KOVAL_Email.pdf
rewritten,K_448-2025-07_Re_ERTC_claims_KOVAL_Email.pdf,141_2025-07-26-141046_Re_ERTC_claims_KOVAL,/Users/robert/Library/CloudStorage/Dropbox/2026-ERTC/discovery-production/E-mails_numbered/151_2025-07-26-141046_Re_ERTC_claims_KOVAL.pdf,/Users/robert/Library/CloudStorage/Dropbox/2026-ERTC/discovery-production-one-folder/K_448-2025-07_Re_ERTC_claims_KOVAL_Email.tmp-reformatted.pdf,/Users/robert/Library/CloudStorage/Dropbox/2026-ERTC/discovery-production-one-folder/K_448-2025-07_Re_ERTC_claims_KOVAL_Email.pdf
rewritten,K_452-2025-07_fyi_information_sent_to_IRS_today_on_erc_issue_Email.pdf,142_2025-07-28-153904_fyi_information_sent_to_IRS_today_on_erc_issue,/Users/robert/Library/CloudStorage/Dropbox/2026-ERTC/discovery-production/E-mails_numbered/152_2025-07-28-153904_fyi_information_sent_to_IRS_today_on_erc_issue.pdf,/Users/robert/Library/CloudStorage/Dropbox/2026-ERTC/discovery-production-one-folder/K_452-2025-07_fyi_information_sent_to_IRS_today_on_erc_issue_Email.tmp-reformatted.pdf,/Users/robert/Library/CloudStorage/Dropbox/2026-ERTC/discovery-production-one-folder/K_452-2025-07_fyi_information_sent_to_IRS_today_on_erc_issue_Email.pdf
rewritten,K_455-2025-07_POA_Email.pdf,(anonymous),/Users/robert/Library/CloudStorage/Dropbox/2026-ERTC/discovery-production/E-mails_numbered/153_2025-07-28-154748_POA.pdf,/Users/robert/Library/CloudStorage/Dropbox/2026-ERTC/discovery-production-one-folder/K_455-2025-07_POA_Email.tmp-reformatted.pdf,/Users/robert/Library/CloudStorage/Dropbox/2026-ERTC/discovery-production-one-folder/K_455-2025-07_POA_Email.pdf
rewritten,K_458-2025-07_Re_POA_Email.pdf,(anonymous),/Users/robert/Library/CloudStorage/Dropbox/2026-ERTC/discovery-production/E-mails_numbered/154_2025-07-28-120845_Re_POA.pdf,/Users/robert/Library/CloudStorage/Dropbox/2026-ERTC/discovery-production-one-folder/K_458-2025-07_Re_POA_Email.tmp-reformatted.pdf,/Users/robert/Library/CloudStorage/Dropbox/2026-ERTC/discovery-production-one-folder/K_458-2025-07_Re_POA_Email.pdf
rewritten,K_461-2025-07_RE_POA_Email.pdf,(anonymous),/Users/robert/Library/CloudStorage/Dropbox/2026-ERTC/discovery-production/E-mails_numbered/155_2025-07-28-170357_RE_POA.pdf,/Users/robert/Library/CloudStorage/Dropbox/2026-ERTC/discovery-production-one-folder/K_461-2025-07_RE_POA_Email.tmp-reformatted.pdf,/Users/robert/Library/CloudStorage/Dropbox/2026-ERTC/discovery-production-one-folder/K_461-2025-07_RE_POA_Email.pdf
rewritten,K_463-2025-07_Re_fyi_information_sent_to_IRS_today_on_erc_issue_Email.pdf,143_2025-07-29-105812_Re_fyi_information_sent_to_IRS_today_on_erc_issue,/Users/robert/Library/CloudStorage/Dropbox/2026-ERTC/discovery-production/E-mails_numbered/156_2025-07-29-105812_Re_fyi_information_sent_to_IRS_today_on_erc_issue.pdf,/Users/robert/Library/CloudStorage/Dropbox/2026-ERTC/discovery-production-one-folder/K_463-2025-07_Re_fyi_information_sent_to_IRS_today_on_erc_issue_Email.tmp-reformatted.pdf,/Users/robert/Library/CloudStorage/Dropbox/2026-ERTC/discovery-production-one-folder/K_463-2025-07_Re_fyi_information_sent_to_IRS_today_on_erc_issue_Email.pdf
rewritten,K_466-2025-07_Re_fyi_information_sent_to_IRS_today_on_erc_issue_Email.pdf,144_2025-07-29-111225_Re_fyi_information_sent_to_IRS_today_on_erc_issue,/Users/robert/Library/CloudStorage/Dropbox/2026-ERTC/discovery-production/E-mails_numbered/157_2025-07-29-111225_Re_fyi_information_sent_to_IRS_today_on_erc_issue.pdf,/Users/robert/Library/CloudStorage/Dropbox/2026-ERTC/discovery-production-one-folder/K_466-2025-07_Re_fyi_information_sent_to_IRS_today_on_erc_issue_Email.tmp-reformatted.pdf,/Users/robert/Library/CloudStorage/Dropbox/2026-ERTC/discovery-production-one-folder/K_466-2025-07_Re_fyi_information_sent_to_IRS_today_on_erc_issue_Email.pdf
rewritten,K_468-2025-08_Re_fyi_information_sent_to_IRS_today_on_erc_issue_Email.pdf,145_2025-08-19-135421_Re_fyi_information_sent_to_IRS_today_on_erc_issue,/Users/robert/Library/CloudStorage/Dropbox/2026-ERTC/discovery-production/E-mails_numbered/158_2025-08-19-135421_Re_fyi_information_sent_to_IRS_today_on_erc_issue.pdf,/Users/robert/Library/CloudStorage/Dropbox/2026-ERTC/discovery-production-one-folder/K_468-2025-08_Re_fyi_information_sent_to_IRS_today_on_erc_issue_Email.tmp-reformatted.pdf,/Users/robert/Library/CloudStorage/Dropbox/2026-ERTC/discovery-production-one-folder/K_468-2025-08_Re_fyi_information_sent_to_IRS_today_on_erc_issue_Email.pdf
rewritten,K_470-2025-08_RE_fyi_information_sent_to_IRS_today_on_erc_issue_Email.pdf,146_2025-08-19-195843_RE_fyi_information_sent_to_IRS_today_on_erc_issue,/Users/robert/Library/CloudStorage/Dropbox/2026-ERTC/discovery-production/E-mails_numbered/159_2025-08-19-195843_RE_fyi_information_sent_to_IRS_today_on_erc_issue.pdf,/Users/robert/Library/CloudStorage/Dropbox/2026-ERTC/discovery-production-one-folder/K_470-2025-08_RE_fyi_information_sent_to_IRS_today_on_erc_issue_Email.tmp-reformatted.pdf,/Users/robert/Library/CloudStorage/Dropbox/2026-ERTC/discovery-production-one-folder/K_470-2025-08_RE_fyi_information_sent_to_IRS_today_on_erc_issue_Email.pdf
rewritten,K_472-2025-08_Re_fyi_information_sent_to_IRS_today_on_erc_issue_Email.pdf,147_2025-08-19-160520_Re_fyi_information_sent_to_IRS_today_on_erc_issue,/Users/robert/Library/CloudStorage/Dropbox/2026-ERTC/discovery-production/E-mails_numbered/160_2025-08-19-160520_Re_fyi_information_sent_to_IRS_today_on_erc_issue.pdf,/Users/robert/Library/CloudStorage/Dropbox/2026-ERTC/discovery-production-one-folder/K_472-2025-08_Re_fyi_information_sent_to_IRS_today_on_erc_issue_Email.tmp-reformatted.pdf,/Users/robert/Library/CloudStorage/Dropbox/2026-ERTC/discovery-production-one-folder/K_472-2025-08_Re_fyi_information_sent_to_IRS_today_on_erc_issue_Email.pdf
rewritten,K_477-2025-10_Re_KOVAL_ERC_Email.pdf,148_2025-10-27-123340_Re_KOVAL_ERC,/Users/robert/Library/CloudStorage/Dropbox/2026-ERTC/discovery-production/E-mails_numbered/161_2025-10-27-123340_Re_KOVAL_ERC.pdf,/Users/robert/Library/CloudStorage/Dropbox/2026-ERTC/discovery-production-one-folder/K_477-2025-10_Re_KOVAL_ERC_Email.tmp-reformatted.pdf,/Users/robert/Library/CloudStorage/Dropbox/2026-ERTC/discovery-production-one-folder/K_477-2025-10_Re_KOVAL_ERC_Email.pdf
rewritten,K_485-2025-12_NOTICE_OF_MALPRACTICE_CLAIM_DEMAND_FOR_PAYMENT_KOVAL_Inc_Email.pdf,149_2025-12-26-110004_NOTICE_OF_MALPRACTICE_CLAIM_DEMAND_FOR_PAYMENT_KOVAL_Inc,/Users/robert/Library/CloudStorage/Dropbox/2026-ERTC/discovery-production/E-mails_numbered/162_2025-12-26-110004_NOTICE_OF_MALPRACTICE_CLAIM_DEMAND_FOR_PAYMENT_KOVAL_Inc.pdf,/Users/robert/Library/CloudStorage/Dropbox/2026-ERTC/discovery-production-one-folder/K_485-2025-12_NOTICE_OF_MALPRACTICE_CLAIM_DEMAND_FOR_PAYMENT_KOVAL_Inc_Email.tmp-reformatted.pdf,/Users/robert/Library/CloudStorage/Dropbox/2026-ERTC/discovery-production-one-folder/K_485-2025-12_NOTICE_OF_MALPRACTICE_CLAIM_DEMAND_FOR_PAYMENT_KOVAL_Inc_Email.pdf
rewritten,K_491-2025-12_RE_NOTICE_OF_MALPRACTICE_CLAIM_DEMAND_FOR_PAYMENT_KOVAL_Inc_Email.pdf,150_2025-12-26-205150_RE_NOTICE_OF_MALPRACTICE_CLAIM_DEMAND_FOR_PAYMENT_KOVAL_Inc,/Users/robert/Library/CloudStorage/Dropbox/2026-ERTC/discovery-production/E-mails_numbered/163_2025-12-26-205150_RE_NOTICE_OF_MALPRACTICE_CLAIM_DEMAND_FOR_PAYMENT_KOVAL_Inc.pdf,/Users/robert/Library/CloudStorage/Dropbox/2026-ERTC/discovery-production-one-folder/K_491-2025-12_RE_NOTICE_OF_MALPRACTICE_CLAIM_DEMAND_FOR_PAYMENT_KOVAL_Inc_Email.tmp-reformatted.pdf,/Users/robert/Library/CloudStorage/Dropbox/2026-ERTC/discovery-production-one-folder/K_491-2025-12_RE_NOTICE_OF_MALPRACTICE_CLAIM_DEMAND_FOR_PAYMENT_KOVAL_Inc_Email.pdf
rewritten,K_492-2025-12_RE_NOTICE_OF_MALPRACTICE_CLAIM_DEMAND_FOR_PAYMENT_KOVAL_Inc_Email.pdf,151_2025-12-31-164718_RE_NOTICE_OF_MALPRACTICE_CLAIM_DEMAND_FOR_PAYMENT_KOVAL_Inc,/Users/robert/Library/CloudStorage/Dropbox/2026-ERTC/discovery-production/E-mails_numbered/164_2025-12-31-164718_RE_NOTICE_OF_MALPRACTICE_CLAIM_DEMAND_FOR_PAYMENT_KOVAL_Inc.pdf,/Users/robert/Library/CloudStorage/Dropbox/2026-ERTC/discovery-production-one-folder/K_492-2025-12_RE_NOTICE_OF_MALPRACTICE_CLAIM_DEMAND_FOR_PAYMENT_KOVAL_Inc_Email.tmp-reformatted.pdf,/Users/robert/Library/CloudStorage/Dropbox/2026-ERTC/discovery-production-one-folder/K_492-2025-12_RE_NOTICE_OF_MALPRACTICE_CLAIM_DEMAND_FOR_PAYMENT_KOVAL_Inc_Email.pdf
rewritten,K_494-2026-01_Re_NOTICE_OF_MALPRACTICE_CLAIM_DEMAND_FOR_PAYMENT_KOVAL_Inc_Email.pdf,152_2026-01-05-090930_Re_NOTICE_OF_MALPRACTICE_CLAIM_DEMAND_FOR_PAYMENT_KOVAL_Inc,/Users/robert/Library/CloudStorage/Dropbox/2026-ERTC/discovery-production/E-mails_numbered/165_2026-01-05-090930_Re_NOTICE_OF_MALPRACTICE_CLAIM_DEMAND_FOR_PAYMENT_KOVAL_Inc.pdf,/Users/robert/Library/CloudStorage/Dropbox/2026-ERTC/discovery-production-one-folder/K_494-2026-01_Re_NOTICE_OF_MALPRACTICE_CLAIM_DEMAND_FOR_PAYMENT_KOVAL_Inc_Email.tmp-reformatted.pdf,/Users/robert/Library/CloudStorage/Dropbox/2026-ERTC/discovery-production-one-folder/K_494-2026-01_Re_NOTICE_OF_MALPRACTICE_CLAIM_DEMAND_FOR_PAYMENT_KOVAL_Inc_Email.pdf
rewritten,K_496-2026-01_RE_NOTICE_OF_MALPRACTICE_CLAIM_DEMAND_FOR_PAYMENT_KOVAL_Inc_Email.pdf,153_2026-01-05-205322_RE_NOTICE_OF_MALPRACTICE_CLAIM_DEMAND_FOR_PAYMENT_KOVAL_Inc,/Users/robert/Library/CloudStorage/Dropbox/2026-ERTC/discovery-production/E-mails_numbered/166_2026-01-05-205322_RE_NOTICE_OF_MALPRACTICE_CLAIM_DEMAND_FOR_PAYMENT_KOVAL_Inc.pdf,/Users/robert/Library/CloudStorage/Dropbox/2026-ERTC/discovery-production-one-folder/K_496-2026-01_RE_NOTICE_OF_MALPRACTICE_CLAIM_DEMAND_FOR_PAYMENT_KOVAL_Inc_Email.tmp-reformatted.pdf,/Users/robert/Library/CloudStorage/Dropbox/2026-ERTC/discovery-production-one-folder/K_496-2026-01_RE_NOTICE_OF_MALPRACTICE_CLAIM_DEMAND_FOR_PAYMENT_KOVAL_Inc_Email.pdf
rewritten,K_498-2026-01_RE_NOTICE_OF_MALPRACTICE_CLAIM_DEMAND_FOR_PAYMENT_KOVAL_Inc_Email.pdf,154_2026-01-05-212622_RE_NOTICE_OF_MALPRACTICE_CLAIM_DEMAND_FOR_PAYMENT_KOVAL_Inc,/Users/robert/Library/CloudStorage/Dropbox/2026-ERTC/discovery-production/E-mails_numbered/167_2026-01-05-212622_RE_NOTICE_OF_MALPRACTICE_CLAIM_DEMAND_FOR_PAYMENT_KOVAL_Inc.pdf,/Users/robert/Library/CloudStorage/Dropbox/2026-ERTC/discovery-production-one-folder/K_498-2026-01_RE_NOTICE_OF_MALPRACTICE_CLAIM_DEMAND_FOR_PAYMENT_KOVAL_Inc_Email.tmp-reformatted.pdf,/Users/robert/Library/CloudStorage/Dropbox/2026-ERTC/discovery-production-one-folder/K_498-2026-01_RE_NOTICE_OF_MALPRACTICE_CLAIM_DEMAND_FOR_PAYMENT_KOVAL_Inc_Email.pdf
rewritten,K_500-2026-01_RE_NOTICE_OF_MALPRACTICE_CLAIM_DEMAND_FOR_PAYMENT_KOVAL_Inc_Email.pdf,155_2026-01-05-214628_RE_NOTICE_OF_MALPRACTICE_CLAIM_DEMAND_FOR_PAYMENT_KOVAL_Inc,/Users/robert/Library/CloudStorage/Dropbox/2026-ERTC/discovery-production/E-mails_numbered/168_2026-01-05-214628_RE_NOTICE_OF_MALPRACTICE_CLAIM_DEMAND_FOR_PAYMENT_KOVAL_Inc.pdf,/Users/robert/Library/CloudStorage/Dropbox/2026-ERTC/discovery-production-one-folder/K_500-2026-01_RE_NOTICE_OF_MALPRACTICE_CLAIM_DEMAND_FOR_PAYMENT_KOVAL_Inc_Email.tmp-reformatted.pdf,/Users/robert/Library/CloudStorage/Dropbox/2026-ERTC/discovery-production-one-folder/K_500-2026-01_RE_NOTICE_OF_MALPRACTICE_CLAIM_DEMAND_FOR_PAYMENT_KOVAL_Inc_Email.pdf
rewritten,K_502-2026-01_Re_NOTICE_OF_MALPRACTICE_CLAIM_DEMAND_FOR_PAYMENT_KOVAL_Inc_Email.pdf,156_2026-01-07-120636_Re_NOTICE_OF_MALPRACTICE_CLAIM_DEMAND_FOR_PAYMENT_KOVAL_Inc,/Users/robert/Library/CloudStorage/Dropbox/2026-ERTC/discovery-production/E-mails_numbered/169_2026-01-07-120636_Re_NOTICE_OF_MALPRACTICE_CLAIM_DEMAND_FOR_PAYMENT_KOVAL_Inc.pdf,/Users/robert/Library/CloudStorage/Dropbox/2026-ERTC/discovery-production-one-folder/K_502-2026-01_Re_NOTICE_OF_MALPRACTICE_CLAIM_DEMAND_FOR_PAYMENT_KOVAL_Inc_Email.tmp-reformatted.pdf,/Users/robert/Library/CloudStorage/Dropbox/2026-ERTC/discovery-production-one-folder/K_502-2026-01_Re_NOTICE_OF_MALPRACTICE_CLAIM_DEMAND_FOR_PAYMENT_KOVAL_Inc_Email.pdf
rewritten,K_504-2026-01_RE_NOTICE_OF_MALPRACTICE_CLAIM_DEMAND_FOR_PAYMENT_KOVAL_Inc_Email.pdf,157_2026-01-07-215734_RE_NOTICE_OF_MALPRACTICE_CLAIM_DEMAND_FOR_PAYMENT_KOVAL_Inc,/Users/robert/Library/CloudStorage/Dropbox/2026-ERTC/discovery-production/E-mails_numbered/170_2026-01-07-215734_RE_NOTICE_OF_MALPRACTICE_CLAIM_DEMAND_FOR_PAYMENT_KOVAL_Inc.pdf,/Users/robert/Library/CloudStorage/Dropbox/2026-ERTC/discovery-production-one-folder/K_504-2026-01_RE_NOTICE_OF_MALPRACTICE_CLAIM_DEMAND_FOR_PAYMENT_KOVAL_Inc_Email.tmp-reformatted.pdf,/Users/robert/Library/CloudStorage/Dropbox/2026-ERTC/discovery-production-one-folder/K_504-2026-01_RE_NOTICE_OF_MALPRACTICE_CLAIM_DEMAND_FOR_PAYMENT_KOVAL_Inc_Email.pdf
